"","SeqBatch","V1","V2","V3","V4","V5","V6","V7","V8","V9","V10","V11","V12","V13","V14","V15","V16","V17","V18","V19","V20","V21","V22","V23","V24","V25","V26","V27","V28","V29","V30","V31","V32","V33","V34","V35","V36","V37","V38","V39","V40","V41","V42","V43","V44","V45","V46","V47","V48","V49","V50","V51","V52","V53","V54","V55","V56","V57","V58","V59","V60","V61","V62","V63","V64","V65","V66","V67","V68","V69","V70","V71","V72","V73","V74","V75","V76","V77","V78","V79","V80","V81","V82","V83","V84","V85","V86","V87","V88","V89","V90","V91","V92","V93","V94","V95","V96","V97","V98","V99","V100","V101","V102","V103","V104","V105","V106","V107","V108","V109","V110","V111","V112","V113","V114","V115","V116","V117","V118","V119","V120","V121","V122","V123","V124","V125","V126","V127","V128","V129","V130","V131","V132","V133","V134","V135","V136","V137","V138","V139","V140","V141","V142","V143","V144","V145","V146","V147","V148","V149","V150","V151","V152","V153","V154","V155","V156","V157","V158","V159","V160","V161","V162","V163","V164","V165","V166","V167","V168","V169","V170","V171","V172","V173","V174","V175","V176","V177","V178","V179","V180","V181","V182","V183","V184","V185","V186","V187","V188","V189","V190","V191","V192","V193","V194","V195","V196","V197","V198","V199","V200","V201","V202","V203","V204","V205","V206","V207","V208","V209"
"SA001V3L",4,0,0,14,0,58,16,1990,1537,13,0,0,3079,0,19,0,0,0,0,16,0,0,0,242,0,18,0,0,0,233,36,16,0,0,4,0,0,0,15,1,4,0,0,0,38,10,9,0,0,0,0,0,0,2213,0,0,0,38,12,32,0,0,0,12,0,37,0,0,0,0,156,7932,0,0,2,11,0,11,0,0,0,0,45,14,0,0,16,0,0,6,45,89,2,0,0,0,0,20,0,8,0,32,0,0,0,11,22,37,5,0,0,23,0,0,0,37,0,0,2,1,7,16,0,0,15,6,30,307,1,36,7,443,0,94,5,0,1,37424,0,0,0,6,0,18,0,0,124,0,0,0,3,1,0,0,0,10,48,0,0,0,103,0,4348,8,0,18749,53,590,0,0,24,0,0,1,0,2,0,0,0,0,0,0,0,0,0,0,0,0,69,0,0,0,1,0,0,4036,1,41,1614,2,0,2,604,105,14,522,0,0,0,0
"SA002V1R",3,0,3,0,0,8,4,123,70,1,0,1,52,5,69,0,16,0,0,1,2,0,0,21,0,0,9,16,0,2,4841,10,0,0,0,1,0,0,5,0,12,0,0,1,0,4,1,0,76,4,1,0,3,6,0,0,2,4,4,2,0,0,0,0,0,1,3,0,0,4,0,15147,0,3,6,36,1,1,0,0,3,0,16,0,0,0,0,0,0,0,2,6,0,2,0,0,0,0,0,1,0,9,1,1,0,0,1,0,102,0,0,0,0,0,0,1,7,0,1,0,0,0,0,0,0,17,2,23,1,9,3,194,0,19,2,0,0,872,0,0,5,0,1,1,1,0,9,0,4,7,1,10,0,0,0,0,100,0,4,0,4,0,64,0,0,8117,9,150,0,0,1,0,4,0,0,1,0,0,0,1,0,1,0,0,0,0,1,0,4,0,0,2,41,0,0,8121,0,5,190,8,0,1,23,0,0,33,1,0,3,419
"SA008V3R",5,0,1,0,0,5,0,683,32,1,2,0,359,0,0,3,2,0,0,0,25,0,0,885,0,0,0,1,0,0,0,23,0,0,0,0,0,1,6,0,19,1,0,50,0,0,0,0,34,0,0,0,1,38,1,0,0,120,8,0,0,0,0,0,0,0,0,0,0,0,16,16781,0,0,2,3,10,8,0,0,0,0,82,2,0,2,0,0,0,2,28,83,4,1,0,0,0,0,0,47,4,294,0,1,0,0,1,0,11,0,39,0,1,0,0,2,11,0,2,1,3,0,7,0,13,21,112,84,4,177,1,7,0,3,0,0,0,64,2,0,38,0,0,0,0,0,8,0,1,24,15,72,0,0,0,0,744,0,0,2,4,0,151,0,0,14962,7,25,0,0,0,1,4,1,0,2,0,1,7,0,0,0,0,0,0,0,0,1,12,0,0,0,5,0,0,12065,1,4,8076,38,0,0,5,5,37,1674,0,0,1,6
"SA009V3R",2,0,2,2,0,1,0,293,177,0,0,2,391,0,1,1,0,0,0,0,0,0,0,51,0,0,0,35,3,1,29706,29,1,0,0,0,0,0,0,0,18,0,0,0,0,0,0,2,65,1,0,1,0,121,0,0,0,28,7,2,0,0,0,0,1,0,1,0,0,0,0,19697,0,1,5,21,9,30,0,0,1,0,4,0,0,0,0,0,0,7,22,44,12,0,0,0,1,0,0,7,0,4,0,1,0,0,0,0,7,0,8,0,0,1,0,0,3,0,2,0,0,2,3,0,2,117,1,25,21,136,1,17,0,0,6,0,0,176,0,2,5,45,0,0,0,0,1,0,1,72,14,157,0,0,0,1,1458,0,0,0,8,0,39,0,0,1337,2,12,0,0,0,1,1,0,0,0,0,0,0,0,0,0,0,0,0,0,0,0,5,0,0,4,1225,38,16,7781,1,0,541,0,0,0,2,1,1,41,1,0,1,3
"SA016V3R",5,0,0,1,0,1,2,68,79,7,0,14,76,0,36,1,0,1,0,1,0,0,0,67,11,16,6,36,0,1,68280,20,3,0,0,0,2,0,1,0,14,0,0,0,367,49,0,0,18,0,0,0,1,5,1,0,0,17,1,0,0,0,0,0,0,66,0,0,0,365,27,15663,0,0,0,5,8,1,0,1,2,0,0,0,0,0,0,0,0,0,21,14,1,1,0,0,2,0,0,3,0,37,0,2,0,0,0,62,190,0,1,23,0,0,0,4,2,0,1,1,2,1,0,0,1,68,5,64,1,1742,1,4,0,1,3,1,8,2,0,0,0,10,0,1,0,1,5,0,0,25,13,58,2,0,0,14,171,0,0,0,9,0,241,0,0,3985,5,8,0,0,1,0,1,0,0,6,0,0,0,2,0,1,0,0,0,0,0,0,16,1,0,0,1,0,0,3731,0,39,5018,4,0,0,99,133,0,24,0,0,0,0
"SA024V3L",5,0,0,1,0,0,1,4,4,6,0,1,17,0,3,0,0,0,0,0,10,0,0,237,0,0,10,0,3,0,88,5,0,0,0,0,0,3,10,0,23,0,0,0,2,25,0,0,457,0,0,0,1,1,0,0,0,4,0,3,0,0,0,0,0,0,0,0,1,0,4,1926,1,2,0,31,1,6,0,0,0,0,3,0,0,0,0,0,0,0,1,3,0,20,0,3,0,0,0,153,0,10,0,0,0,0,0,0,5,0,4,0,0,0,0,6,7,3,2,0,0,5,34,0,1,0,5,21,0,425,20,4,0,1,5,0,1,0,0,0,0,6,0,0,0,3,0,0,0,0,0,4,0,1,0,1,0,0,0,0,0,0,20,0,1,40827,0,7,0,0,0,0,0,0,0,1,1,0,0,1,0,0,0,0,0,0,0,0,2,0,1,0,2,0,0,540,0,10,743,1,0,0,4,1,64,127,0,0,4,0
"SA039V5L",5,0,0,0,0,0,0,4177,4392,0,0,2,3271,0,1929,1,0,0,0,1,0,0,0,67,0,0,0,2,0,0,4,111,0,0,0,0,0,0,1,0,9,0,0,0,3,1,2,0,0,0,0,0,0,286,3,0,0,3,2,0,0,0,0,0,0,4,0,0,0,0,0,8673,3,11,2,0,8,1,0,2,7,0,1,0,0,0,0,0,0,3,7,4,2,0,0,0,0,0,0,2,1,13,2,0,0,1,0,0,6,0,8,0,0,0,8,2,2,0,0,0,0,0,2,0,0,9,5,27,0,13,0,9,0,0,37,0,1,5045,0,0,2,18,0,0,0,0,9,0,1,3,3,11,0,0,0,0,335,0,0,1,500,2,2006,0,0,13492,1,8,0,1,0,0,0,0,0,0,2,0,0,3,0,1,0,0,0,0,0,0,1,0,0,0,2,0,0,18372,0,1,148,19,0,0,731,0,4,14,0,1,4,0
"SA053V1R",3,1,3,84,14,137,0,2653,183,9,0,94,216,1,2,39,8,0,0,85,0,0,129,6749,0,0,0,0,0,11,280,28,0,0,0,0,0,0,0,0,6,1,0,2,20,0,32,8,78,0,0,0,72,501,955,8,9,1626,17,25,0,8,0,0,0,0,43,0,0,0,127,10938,7,0,1,64,42,87,0,0,0,0,49,8,0,0,59,1,10,196,1826,462,196,0,0,2,0,0,0,12,0,191,6,0,0,30,45,0,2859,0,331,0,2,0,146,29,57,0,48,3,0,6,42,0,16,1,405,292,1,3053,5,113,1,164,0,6,18,1224,7,122,247,2097,0,13,0,34,23,0,12,17,58,785,0,0,0,0,587,0,3,0,31,2,1229,0,12,14242,8,338,11,0,8,10,5,0,0,175,0,8,0,0,0,17,1,0,2,5,8,0,337,22,0,0,94,0,0,30201,7,25,13012,2,13,0,50,22,511,2504,4,0,0,99
"SA055V3R",3,0,4,35,3,44,0,687,143,0,0,39,886,0,1,130,3,0,0,0,0,0,12,1224,0,0,0,31,352,0,4012,5,1,0,0,0,0,0,29,1,146,0,0,4,6,3,0,1,4,0,0,1,32,66,94,23,0,682,1,0,0,1,0,0,0,0,1,0,1,0,4,10319,0,0,1,0,0,13,2,0,0,0,40,18,0,7,15,0,12,234,1094,1516,207,0,0,0,4,69,0,1,0,202,0,0,5,20,19,0,100,7,541,16,0,1,0,4,10,0,3,1,0,7,0,0,0,25,4,60,0,1044,1,25,0,0,1,0,0,241,0,28,232,527,0,0,0,0,2,0,6,892,208,1334,3,0,5,7,537,0,0,8,488,12,340,0,0,5159,7,73,0,0,0,0,8,0,0,0,0,0,3,0,0,0,0,0,0,0,1,0,18,1,0,0,7,0,0,11719,51,294,9147,0,0,0,9,7,49,685,0,0,2,0
"SA056V1R",1,0,2,0,0,6,0,285,137,0,0,0,298,0,1,5,0,0,0,1,0,0,0,4,0,1,0,7,11,1,16983,0,0,0,0,0,0,1,0,3,3,0,0,0,8,1,0,0,3,0,0,0,2,2,0,0,0,19,0,0,0,0,0,0,0,0,4,0,0,0,1,16176,0,2,0,1,0,0,0,0,3,0,18,1,0,1,0,0,0,0,13,34,1,1,0,0,0,0,0,2,0,106,0,0,0,0,1,0,10,4,11,0,0,0,0,0,2,0,5,0,0,0,0,0,0,17,1,13,0,25,0,0,0,0,4,0,0,1,0,1,0,77,1,0,0,0,1,0,0,41,7,21,0,0,0,1,85,1,0,0,13,0,10,0,0,3317,43,177,0,0,0,0,0,0,0,0,0,0,0,1,0,0,0,0,0,0,0,0,6,0,0,0,1,2,0,877,5,5,8068,5,1,0,1,0,0,11,1,0,15,0
"SA057V1R",4,0,0,1,0,2,6,2354,4540,0,3,0,2141,17,5,0,0,0,0,0,0,0,1,24,0,0,40,3,0,3,3,143,0,0,0,0,0,0,0,2,0,0,1,0,0,5,0,0,0,0,0,0,0,256,0,0,0,9,0,0,0,0,0,1,4,13,1,0,0,1,1,8078,3,0,7,6,25,4,0,0,0,0,6982,0,1,0,1,0,0,1,15,5,0,0,0,0,0,0,0,5,0,5,2,7,0,0,0,0,3,0,4,0,0,0,0,0,2,1,1,1,0,0,0,0,1,3,19,6,0,5,1,9,0,5,3,0,3,35,0,0,0,4,4,0,0,1,0,0,1,2,0,5,0,1,0,0,339,0,0,0,2658,0,76,0,0,1727,1,7,0,0,0,0,0,0,0,0,0,0,0,0,0,1,0,0,0,0,0,0,2,0,0,0,0,1,0,28965,0,5,165,2,1,0,18,0,2,28,0,0,0,0
"SA058V1L",1,0,0,2,0,54,0,439,699,2,0,2,241,1,18,7,0,0,0,1,0,0,0,56,0,0,0,18,1,0,26643,6,7,0,0,0,0,0,0,1,6,0,1,3,4,3,0,0,12,0,0,0,4,57,0,0,0,219,2,0,0,0,0,0,1,0,0,0,0,0,1,1819,1,0,2,10,11,1,1,0,2,0,9,0,0,0,2,0,0,3,42,103,5,0,0,0,0,0,0,0,0,14,0,2,0,0,2,0,464,0,7,0,1,0,0,0,3,0,0,1,0,1,1,0,2,48,8,12,0,257,1,5,0,0,2,0,0,171,0,2,2,1208,0,1,0,2,2,0,9,48,119,500,0,0,0,0,484,0,0,0,95,1,200,0,0,1335,4,3,1,0,0,0,0,0,0,2,0,1,2,1,0,0,0,0,0,0,0,2,1,1,0,0,0,0,0,51543,1,1,1346,3,0,0,21,0,0,276,0,0,3,0
"SA064V5L",5,2,3,1,0,6,0,84,35,0,0,5,42,0,1,0,0,0,0,0,0,0,2,38,0,1,1,6,0,3,6823,4,2,0,0,0,0,0,1,0,8,0,0,0,51,9,0,1,17,1,0,0,1,6,0,0,2,26,0,10,0,0,1,0,0,0,1,0,0,4,2,3850,1,0,2,6,22,1,0,0,0,0,7,0,3,0,0,0,0,1,10,42,3,2,2,0,0,6,0,5,0,10,1,0,0,0,0,0,8,0,6,16,0,0,0,0,3,0,10,0,0,1,5,0,24,19,3,37,2,60,52367,25,0,5,788,0,0,405,0,0,1,3,0,0,0,0,1,0,1,1,8,16,0,0,0,0,209,0,2,0,2,0,42,0,0,747,5,62,0,0,1,0,0,0,0,3,2,0,0,0,0,1,0,0,0,0,0,0,3,0,0,0,1,0,0,11224,0,2,443,0,0,0,12,11,0,32,1,0,2,3
"SA066V1R",5,0,0,3,0,9,0,431,122,0,0,4,26,0,11,2,0,0,0,0,0,0,1,69,0,0,0,4,15,0,1,48,0,0,0,4,0,0,0,1,0,1,0,0,0,0,6,0,66,0,0,0,0,7,7,0,0,30,6,0,0,0,0,0,0,0,7,0,1,0,0,27146,0,0,31,63,44,8,0,0,0,0,411,4,0,0,0,0,0,0,56,26,8,0,0,0,0,0,0,7,0,15,0,0,0,0,1,0,2,0,6,0,1,0,12,3,7,0,2,3,0,2,0,0,0,11,4,40,2,23,1,25,0,11,2,3,0,4,0,3,6,24,1,1,0,0,11,0,5,40,0,59,2,0,0,0,179,5,0,0,36,0,38,1,0,3777,16,54,2,0,0,0,0,0,0,4,0,0,1,0,0,2,0,0,1,0,29,0,9,0,0,1,9,0,4,21872,0,4,339,17,0,0,4,2,0,129,0,0,2,0
"SA069V3R",3,1,0,1,0,99,16,9698,5594,0,0,2,1250,14,66,3,2,0,0,0,0,0,1,349,0,11,16,3,41,0,1,307,0,0,0,0,0,0,1,0,4,0,21,0,0,11,0,0,46,0,0,0,5,683,0,0,0,451,0,0,0,0,0,0,0,14,0,0,0,20,14,19867,0,0,29,213,90,29,0,0,0,0,8,0,0,5,3,0,0,4,187,113,14,1,0,0,1,0,0,4,0,171,8,26,0,1,0,0,8,0,87,0,0,0,30,3,10,1,36,0,0,1,0,0,5,2,0,31,1,129,0,26,1,0,3,0,1,16,0,1,0,42,0,0,0,2,0,0,0,131,0,363,1,0,0,2,1146,0,1,0,360,0,1540,8,0,7482,2,19,0,0,0,0,0,0,0,3,0,0,1,0,0,0,0,0,0,0,2,0,5,0,2,0,3,0,0,22705,3,5,20368,14,0,0,434,4,3,1179,1,0,3,0
"SA070V1L",4,0,0,0,0,0,0,18,4,0,0,0,1,0,0,1,0,0,0,0,0,0,0,187,0,0,0,44,7,0,44335,89,6,0,0,0,0,0,2,0,9,0,0,0,0,2,0,0,8,0,0,0,3,1,51,0,0,10,0,40,0,2,0,0,0,0,0,0,0,0,0,18784,0,0,5,43,14,0,0,0,3,0,0,0,0,0,0,0,0,6,13,1,0,0,0,1,0,0,0,0,0,1,0,0,0,0,0,0,1,0,23,0,0,0,0,0,4,0,3,0,0,0,4,0,4,53,8,3,0,5,15,0,0,0,0,0,1,360,0,2,3,44,2,0,0,0,0,0,0,1,2,2,0,0,1,1,30,0,16,0,3,2,1,0,0,887,0,1,0,0,0,0,0,0,0,7,0,0,1,0,0,0,0,0,0,0,0,0,0,0,0,2,0,6,11,2540,0,2,57,4,0,0,0,0,0,23,0,0,0,0
"SA071VXR",3,0,0,0,0,0,1,2259,1912,0,0,0,5785,0,0,0,0,0,0,0,0,0,0,17,0,2,0,1,1,1,6,1,0,0,0,0,0,0,2,0,6,0,0,0,6,7,0,0,27,0,0,0,0,466,0,0,0,4,0,0,0,0,0,0,0,8,0,0,0,0,0,7978,0,0,1,2,9,1,0,0,0,0,1,0,2,0,1,0,0,2,1,5,0,0,0,0,0,0,0,1,0,7,0,1,0,0,0,0,46,0,1,0,0,0,0,1,2,0,1,0,0,0,1,0,1,18,1,28,0,5,0,3,0,0,1,0,0,2413,0,0,0,0,0,0,0,0,0,0,0,4,1,2,0,0,1,0,255,0,0,0,0,0,1507,0,0,9960,4,7,0,0,0,0,1,0,0,0,0,0,0,2,0,0,0,2,0,0,0,0,1,1,0,0,0,0,0,16001,0,0,75,0,0,0,896,1,0,7,1,0,0,1
"SA074V1R",2,0,0,7,0,421,0,642,446,0,0,14,360,0,122,24,1,0,0,0,0,0,1,3366,0,0,7,1,161,1,1,0,0,0,0,0,2,1,0,0,3,0,0,0,0,0,1,0,0,0,0,1,60,49,8,0,0,546,4,0,0,0,0,0,3,2,2,0,0,1,0,2445,18,0,0,4,0,6,0,0,0,0,0,0,0,13,0,0,0,24,344,155,52,0,0,0,0,0,0,0,0,246,0,0,0,0,0,0,75,0,88,0,1,0,0,5,4,1,0,1,1,2,0,0,1,1,5,14,0,143,35095,6,0,5,1085,0,4,4417,0,7,68,236,10,0,0,3,5,0,11,31,199,256,3,0,0,6,180,0,0,0,60,1,499,0,0,15447,0,3,0,0,0,0,0,0,0,21,0,0,2,0,0,1,0,0,0,0,0,0,16,1,0,0,0,0,0,2212,7,0,8876,5,0,0,193,0,3,1125,0,0,0,0
"SA076V1R",4,0,0,0,0,1,0,809,321,0,0,5,1026,3,0,0,0,0,1,0,0,0,0,20,0,4,0,2,4,3,12080,4,1,0,0,0,0,0,34,1,24,2,0,0,0,0,0,0,9,0,0,0,2,177,1,0,0,38,0,3,0,0,0,0,0,2,0,0,0,7,2,17980,0,0,0,5,0,27,0,0,3,0,283,1,0,0,0,0,0,4,7,5,2,0,0,0,4,1,0,15,0,8,0,0,0,0,0,0,195,0,0,0,0,0,0,0,14,0,0,0,0,0,0,3,2,6,48,30,0,20,3,42,0,66,0,0,2,3072,0,0,4,7,1,4,0,0,7,1,0,4,9,15,0,0,0,40,70,0,0,0,17,0,679,0,0,24553,14,120,0,0,4,0,0,0,90,14,0,0,2,7,2,0,0,0,0,0,0,0,21,0,0,0,0,0,0,6615,0,8,190,59,0,0,536,0,0,33,0,0,6,0
"SA077V1R",4,0,0,0,0,41,0,986,968,0,0,0,614,0,0,53,17,0,0,0,0,0,0,74,0,0,31,0,0,0,2,10,0,0,0,0,47,0,56,40,4,1,0,0,0,0,67,0,0,0,0,0,0,177,0,0,0,141,0,0,0,0,0,0,0,4,0,0,0,0,0,2778,0,0,0,0,0,0,0,0,0,0,130,0,14,0,0,0,0,16,40,71,1,0,0,0,0,0,0,0,0,9,0,0,0,0,0,0,627,0,59,0,0,0,0,33,0,38,0,0,0,0,32,0,0,1,73,79,0,77,1,156,0,54,2,0,0,4041,0,0,0,286,76,0,0,0,0,0,0,3,0,130,0,0,0,0,91,28,2,0,173,0,1895,0,0,9733,182,4621,0,0,0,0,3,0,0,0,0,0,0,0,0,0,0,0,0,0,0,0,84,0,0,0,22,0,0,24404,0,41,842,0,0,0,384,0,0,15,0,0,43,258
"SA078V1R",4,0,3,12,13,1661,4,170,957,0,0,12,1807,24,30,27,0,1,0,1,4,1,0,736,0,0,7,3,44,4,3,41,0,1,0,0,0,1,2,0,6,0,0,2,0,2,0,0,53,3,1,1,3,40,1,2,1,1114,0,3,0,0,0,0,0,0,7,0,2,5,55,8676,1,0,13,18,62,14,0,0,2,2,68,0,0,12,11,0,22,24,670,216,43,7,0,1,0,0,2,12,0,166,0,0,5,28,94,0,10,0,239,0,0,0,0,0,2,0,3,1,0,1,2,0,12,8,4,165,0,178,1,77,0,9,4,4,2,9,0,2,2,575,0,1,0,1,5,0,113,306,402,1705,1,0,2,6,808,0,0,3,141,7,2627,0,0,7630,13,49,0,0,0,0,13,0,0,0,2,3,4,0,0,2,0,2,0,0,2,3,7,12,3,0,40,269,1,6551,14,7,8507,4,0,7,55,68,18,2117,2,0,6,0
"SA081V1L",1,0,32,50,0,0,0,209,279,0,0,0,375,0,0,3573,4,27,0,0,12,0,0,723,0,0,0,0,5,0,174,0,0,0,18,0,0,0,34,1,1993,0,0,0,34,4,0,0,165,0,0,0,357,17,47,13,0,1764,33,0,0,1,0,0,0,0,27,0,0,0,0,8831,0,0,0,14,0,0,0,5,83,0,25,0,0,20,0,0,0,84,416,2853,140,0,0,8,0,0,2,2,0,240,0,0,0,0,0,0,168,0,178,0,31,0,0,0,2,0,3,7,3,235,0,13,108,33,46,3395,0,1615,29,324,0,593,989,0,0,11246,0,7,19,2284,0,6,0,0,0,0,108,116,688,3641,0,1,0,0,296,9,0,0,242,7,794,0,0,20577,16,579,0,0,19,1,19,0,0,59,0,0,0,0,0,0,0,0,0,0,1,0,70,0,7,2,0,0,16,9699,99,11,24538,2,0,0,157,0,68,224,12,0,15,0
"SA082V1R",5,0,10,0,0,26,0,63,30,0,0,27,3,0,0,6,1,0,4,0,2,0,0,85,0,0,0,0,6,0,0,3,0,2,0,0,0,0,0,1,1,0,0,0,7,3,0,0,11,0,0,4,30,3,0,1,0,81,0,0,0,1,3,0,0,0,8,0,1,38,7,11883,0,0,1,0,10,93,0,0,0,0,19,0,0,2,0,2,4,15,42,56,18,4,0,0,8,0,0,97,3,25,2,11,0,2,0,0,10,0,18,6,0,0,0,57,114,10,9,0,0,8,0,0,13,10,8,255,1,76,4,53,0,25,21,0,1,2724,9,0,5,184,0,3,0,0,46,0,36,37,1,97,0,0,0,0,51,0,0,0,35,0,48,0,0,7612,11,26,5,0,0,12,10,3,69,10,0,2,1,0,0,0,0,6,0,0,1,0,44,0,2,0,3,0,0,1961,1,0,984,0,3,0,4,13,0,92,0,7,15,0
"SA084V1L",2,4,12,0,0,9,0,14,8,6,0,0,0,0,0,0,0,166,0,0,0,8,0,29,10,0,4,0,0,5,2,0,0,0,0,0,0,0,0,182,42,3,0,0,9,12,7,0,10,0,0,0,11,6,0,14,18,35,0,0,13,94,3,0,0,0,32,1,0,0,0,29608,27,0,0,14,0,2,0,0,3,0,121,0,0,0,0,0,5,0,0,7,0,11,0,40,0,0,7,0,0,4,10,0,0,0,0,9,29,0,16,0,0,11,0,22,46,0,2,7,25,37,0,1,6,39,8,84,0,7,15,33,36,0,3,6,4,713,0,0,0,7,0,8,0,11,48,6,0,1,58,56,0,0,0,1,274,0,0,0,8,0,44,0,0,28968,4,48,0,0,0,1,70,0,2,0,0,0,0,0,0,17,2,14,5,8,0,0,107,0,14,0,7,0,0,32998,0,0,259,208,0,0,0,19,0,12,6,0,9,1
"SA087V1L",4,2,1,0,0,3,0,87,28,0,0,3,15,0,0,0,35,2,7,0,0,0,0,92,0,0,0,3,7,0,4,87,0,2,0,0,0,0,6,0,2,0,0,0,3,4,12,0,31,0,0,0,2,7,0,0,1,43,1,0,0,0,0,0,0,0,10,1,0,0,0,21058,1,0,19,51,78,3,0,0,0,0,9,1,0,0,2,0,0,6,27,38,3,4,0,0,0,0,0,2,0,13,0,0,0,0,1,0,15,0,0,0,0,0,0,1,0,6,0,0,2,1,0,0,10,20,7,15,1,151,1268,24,0,0,17,0,0,6,0,0,0,19,2,0,0,0,3,5,3,59,4,163,0,0,0,0,164,0,1,2,2,0,71,0,0,17078,25,70,0,0,0,0,0,0,0,3,0,0,4,0,0,0,0,5,0,1,0,0,10,0,0,0,4,2,0,17353,1,8,496,49,0,0,0,0,0,100,0,0,0,0
"SA088V3L",1,0,0,0,0,0,0,5539,1458,0,0,58,14112,0,0,0,0,0,0,0,0,0,0,0,0,0,0,0,0,0,7,0,0,0,0,0,0,0,168,349,68,3,0,0,31,2,0,0,27,0,0,0,0,0,0,0,0,97,0,0,0,0,0,0,0,0,17,0,14,0,0,1945,0,0,0,27,0,7,0,0,36,0,1,0,0,0,0,0,0,0,0,29,0,39,0,0,14,0,0,25,0,5,0,0,0,0,0,0,427,0,0,0,0,0,0,29,3353,0,0,0,0,0,0,0,8,1,38,291,50,35,2,79,0,34,3,0,86,1,0,0,0,25,0,0,0,0,0,0,33,0,48,37,0,0,0,0,21,0,60,0,0,0,0,0,0,45689,24,504,0,0,0,0,1,0,0,16,0,0,0,0,0,0,0,0,0,0,0,0,915,0,0,0,0,0,0,3323,0,0,382,1,0,0,0,0,0,0,0,0,45,3
"SA091V1R",2,0,0,11,0,0,0,4239,1557,0,0,0,3067,0,0,0,0,0,11,0,0,0,0,341,0,0,0,0,0,0,3,0,0,0,0,0,0,0,0,0,0,0,10,0,0,0,0,0,19,11,47,0,0,139,0,20,0,53,1,48,0,0,0,0,0,0,23,2,0,0,0,3822,0,0,3,0,56,0,0,0,0,0,220,1,0,0,0,0,0,0,0,43,1,0,0,0,0,0,0,13,0,24,0,0,0,53,19,0,0,0,0,0,0,0,47,0,0,0,0,0,0,24,0,0,6,5,109,133,1,414,4,65,25,265,0,0,0,165,0,0,0,1,12,0,0,0,7,0,0,1,24,39,0,0,0,0,137,0,0,0,27,16,361,0,0,27656,21,235,0,0,0,0,95,0,0,47,0,0,0,0,0,0,0,0,1,21,30,0,2,0,0,0,0,0,0,33764,0,0,2563,1,0,0,53,0,0,131,0,0,0,0
"SA094V1L",5,0,0,0,1,3,0,16,16,2,0,0,17,0,7,0,2,3,0,0,2,0,0,10,0,0,0,5,1,0,65520,5,2,0,0,0,0,0,0,0,2,0,0,1,12,5,0,0,0,0,0,0,0,0,0,0,0,8,2,2,0,0,1,0,0,0,14,0,0,0,0,22711,2,0,0,0,0,14,0,0,0,0,23,1,0,0,0,0,0,1,4,18,3,1,0,0,0,0,0,0,0,4,0,0,0,0,0,0,172,0,0,0,0,0,0,0,2,0,7,2,0,3,0,0,0,37,1,5,0,40,0,12,0,10,3,0,1,0,0,0,0,1,1,6,0,0,0,0,0,0,0,5,0,0,0,0,27,0,1,0,1,0,6,0,0,3238,10,37,1,0,0,4,3,0,0,2,0,0,0,0,0,2,0,0,0,0,0,0,9,0,0,0,2,0,0,2611,0,2,206,2,2,0,4,0,0,27,6,0,5,0
"SA096V1R",1,0,0,21,5,67,0,1395,859,8,0,15,494,0,2,0,1,0,0,0,8,0,5,180,0,0,0,0,6,7,3476,4,0,0,0,0,0,0,0,2,1,0,0,0,17,2,10,0,27,0,0,0,0,362,8,0,0,69,0,0,1,0,0,0,0,16,0,0,0,4,12,7226,0,4,0,7,8,0,0,0,4,0,259,0,0,0,3,0,7,7,109,67,19,0,0,0,7,0,0,2,0,33,0,0,0,1,3,0,135,0,14,0,0,0,0,0,0,0,2,1,0,0,0,0,0,0,8,23,0,80,43,21,0,11,97268,0,2,13,0,0,9,25,0,0,0,0,0,0,4,1,26,50,0,0,0,7,86,0,0,3,612,2,273,0,0,5851,4,218,0,0,0,0,0,0,0,0,0,0,0,6,0,0,0,7,0,1,0,4,0,9,2,0,32,3,0,2589,0,4,3067,0,0,0,5,7,14,126,0,0,0,0
"SA098V1L",5,0,0,0,0,0,0,83,2226,0,0,0,0,0,0,0,0,0,0,0,0,0,0,1,0,0,0,17,0,0,7640,0,0,0,0,0,0,0,0,0,1,0,0,0,0,1,0,0,0,0,0,0,0,0,0,0,0,0,0,0,0,0,0,0,0,0,0,0,0,0,0,45799,0,0,1,0,10,0,0,0,0,0,2624,0,0,0,0,0,0,0,0,2,0,0,0,0,0,0,0,0,0,0,0,0,0,0,0,0,0,0,0,0,0,0,0,0,0,0,0,0,0,0,0,0,2,72,0,1,0,13,0,1,0,0,5,0,0,4,0,0,0,0,0,0,0,0,0,0,0,1,0,0,0,0,0,0,37,0,0,0,0,0,1,0,0,243,1,2,0,0,0,0,0,0,0,0,0,0,0,0,0,0,0,0,0,0,0,0,0,0,0,0,0,0,0,1734,0,1,7,4,0,0,0,0,0,0,0,0,0,0
"SA100V1L",1,0,0,8,0,7,0,2497,1341,4,0,0,1640,8,8,0,0,5,0,0,0,0,0,42,0,6,0,0,2,0,2,25,0,0,0,1,0,0,50,0,3,0,0,0,0,2,0,0,0,0,0,0,18,425,0,0,0,41,0,0,0,0,0,0,1,1,7,0,0,3,0,7993,3,0,0,0,5,2,0,0,0,0,14582,11,0,0,0,0,0,1,14,26,2,0,0,0,10,1,0,0,0,12,0,1,0,3,9,0,5,0,32,0,0,0,0,2,3,0,1,0,0,4,12,1,0,10,20,50,0,35,1,45,0,2,8,0,8,10,0,0,0,145,0,2,0,1,1,0,9,13,17,60,4,0,0,0,336,0,0,0,184,1,262,0,1,8059,1,26,0,0,0,1,1,1,0,2,0,0,0,0,0,0,0,2,0,0,2,0,7,1,0,0,0,0,0,33090,1,11,279,9,0,0,364,0,7,46,1,0,3,1
"SA101V1L",2,0,8,3,3,103,1,1096,122,0,0,17,742,0,14,30,0,0,0,0,0,0,3,369,0,0,0,0,82,0,4,0,0,0,0,0,0,0,0,12,5,0,0,0,0,0,0,0,8,0,0,0,21,25,37,0,0,386,0,0,0,0,0,0,0,0,6,1,1,0,0,11512,65,0,0,9,3,5,0,0,0,0,96,0,0,1,0,0,0,19,342,147,31,0,0,0,0,0,0,6,2,188,0,0,0,1,12,0,39,0,33,0,0,0,0,1,4,0,4,3,2,2,0,0,0,6,25,46,1,437,110,195,0,44,10,0,2,1962,0,0,17,1049,2,0,0,0,6,0,6,116,206,647,1,0,0,4,415,0,0,2,70,0,190,0,5,45791,3,34,0,0,0,0,5,0,0,0,0,1,0,0,0,0,0,0,0,0,0,0,52,0,1,0,0,0,7,32396,7,336,4923,85,5,0,23,1,15,252,4,0,153,0
"SA104V1L",3,0,2,7,0,42,0,391,308,4,0,7,367,3,10,24,2,0,0,0,0,1,1,150,0,0,17,13,23,6,25880,15,2,13,0,2,0,0,0,13,15,0,0,0,3,0,0,1,16,0,0,0,15,54,16,5,3,137,37,2,0,0,0,1,1,0,0,1,0,0,1,22605,0,26,3,12,3,68,0,3,20,0,101,1,0,3,9,2,0,13,46,240,23,5,0,0,9,0,1,96,1,103,2,12,0,0,5,0,41,0,26,0,0,0,0,0,2,0,1,1,1,11,0,1,11,49,17,475,0,171,2,177,1,359,2,0,4,64,0,0,3,119,1,0,1,0,23,0,8,58,32,189,1,0,0,3,248,0,0,0,73,0,344,1,1,13258,12,55,0,2,5,0,5,1,9,15,0,0,0,0,2,6,2,0,0,2,0,11,14,2,1,0,10,0,0,8040,4,29,4575,81,0,0,22,4,3,227,1,0,13,0
"SA105V1L",3,0,27,0,0,1,0,628,1,0,0,0,347,0,0,1,8,2,0,0,3,1,3,16,0,2,0,3,0,0,3,0,0,0,0,2,0,0,11,2,8,0,0,0,0,0,1,5,4,0,0,0,1,2,2,0,0,17,1,0,0,6,0,0,0,0,11,0,0,0,2,6620,12,0,0,0,0,4,0,0,2,7,94,5,0,0,0,0,0,2,6,15,1,1,2,11,0,0,0,3,0,3,0,0,0,0,2,0,5,0,3,0,0,0,0,1,31,1,0,0,1,4,0,2,1,31,12,24,0,31,0,55,0,9,1,0,2,510,0,0,0,7,1,11,0,12,36,0,0,4,5,17,0,0,0,0,303,0,0,0,4,0,26,0,0,7659,5,76,0,0,3,0,6,0,0,2,0,0,0,0,0,1,0,1,1,15,0,1,67,0,2,0,2,0,0,66196,0,6,141,13,0,0,1,0,3,4,13,0,1,0
"SA106V1L",1,0,0,1,0,1,0,2,6,0,0,0,0,0,0,0,7,0,0,0,0,4,0,0,0,0,0,12,0,0,93224,0,4,0,0,0,0,1,22,0,19,0,0,0,0,0,0,0,8,0,0,0,0,1,0,0,0,5,9,4,0,0,1,0,0,0,8,0,0,0,0,9867,0,1,0,8,0,9,0,2,6,0,8,0,0,0,0,6,0,0,1,9,1,0,0,0,0,0,0,16,0,5,0,0,0,0,1,0,34,0,0,0,0,0,0,4,3,0,1,1,0,12,2,0,4,34,20,69,0,36,1,16,0,8,3,0,6,4,3,0,0,16,0,9,0,0,3,0,0,10,8,19,0,0,0,0,162,6,0,0,5,0,38,0,0,2674,6,33,1,0,0,0,8,0,0,1,0,0,0,3,0,5,0,0,0,0,0,2,15,0,3,0,0,1,0,6841,0,0,222,5,0,0,0,0,0,8,3,0,0,0
"SA109V1R",1,3,48,0,0,5,0,644,311,0,0,2,1,0,0,0,17,0,0,1,0,1,10,35,0,0,0,3,0,4,3526,0,0,0,0,0,0,4,3,0,5,0,1,3,0,4,2,0,11,2,0,1,0,194,4,6,0,2,12,10,0,0,0,0,0,0,0,2,0,0,0,38867,0,3,1,19,1,12,0,0,3,0,1892,0,0,0,0,0,0,4,68,0,0,6,0,0,0,0,0,10,0,817,0,0,0,0,2,0,268,0,84,0,0,0,3,2,7,0,0,0,1,0,0,0,14,10,11,402,0,69,2,67,0,39,3,0,1,4,6,1,0,27,2,0,1,0,11,0,127,609,0,2574,0,0,0,2,216,0,0,8,7,3,86,0,1,14550,2,90,0,4,0,1,1,0,0,0,0,0,0,4,0,4,0,0,0,0,0,0,9,2,0,0,7,0,0,5381,5,3,11864,89,0,0,17,1,5,21,8,0,629,0
"SA112V1R",2,3,22,0,0,134,5,6079,3271,0,0,92,5015,0,7,0,0,0,0,11,0,0,0,90,0,0,0,24,1,0,21581,509,1,0,0,11,0,0,17,24,11,1,19,0,51,38,3,0,9,7,3,9,0,351,0,0,0,195,25,0,1,0,0,0,26,14,1,0,0,6,4,14794,0,0,7,150,62,0,0,1,69,1,18,15,0,2,0,0,0,0,1065,296,9,0,0,0,17,0,0,72,0,222,52,162,0,0,0,0,6,49,25,1020,0,0,0,12,11,0,2,0,0,3,6,0,6,10,36,274,1,518,2,14,6,93,8,0,0,9,16,0,1,39,0,0,0,0,11,0,90,26,73,416,1,0,0,58,417,0,0,0,52,0,1839,2,0,14176,3,104,9,0,6,1,5,0,0,34,0,0,25,200,0,2,0,0,0,0,6,0,35,6,0,0,0,0,0,34013,2,14,3299,2,0,1,237,7,3,69,8,3,0,1
"SA114VXR",4,0,0,0,0,1,1,4,0,0,0,0,2,0,0,0,0,0,0,0,0,0,0,10,0,2,0,2,1,0,1,0,0,0,0,0,0,0,1,0,0,0,0,0,5,1,0,0,0,0,0,0,0,0,0,0,0,2,0,0,0,0,0,0,0,0,0,0,0,0,0,4098,0,0,0,1,0,0,0,0,0,0,0,0,0,0,0,0,0,0,0,1,2,0,0,0,0,0,0,0,0,0,0,0,0,0,0,0,233,0,0,0,0,0,0,0,1,0,0,0,0,0,0,0,0,2,0,4,0,8,1,0,0,0,2,0,0,99,0,0,0,3,0,0,0,2,0,0,1,0,0,0,0,0,0,0,50,0,0,0,0,0,0,0,0,1703,0,0,0,0,0,0,0,0,0,0,0,0,0,1,0,2,0,1,0,0,0,0,0,0,0,0,0,0,0,53005,0,0,26,7,0,0,0,0,0,1,0,0,2,0
"SA115V1L",3,0,0,3,0,26,0,1466,634,3,1,1,818,0,9,2,0,0,0,0,0,0,0,96,0,1,0,2,24,0,10,105,0,0,0,0,0,0,1,11,87,8,0,0,0,0,2,0,1,0,0,0,1,31,0,0,0,27,3,0,0,3,0,0,3,2,0,0,0,1,0,29033,0,1,3,7,13,20,0,0,0,0,5,0,0,0,0,0,1,2,29,25,4,0,0,0,0,0,0,5,0,76,0,0,0,3,1,0,65,0,20,0,0,0,0,2,3,6,0,0,0,2,0,0,2,24,18,50,1,700,0,10,0,3,3,0,3,9,0,0,1,55,0,0,0,3,7,0,0,8,10,22,0,0,1,3,754,0,0,1,42,2,88,0,0,10319,3,15,1,0,0,0,3,0,0,2,0,0,0,1,1,0,0,0,0,0,0,0,4,0,1,0,0,0,0,27569,2,4,2969,93,0,0,33,2,8,96,0,0,1,0
"SA116V1L",1,0,0,15,0,23,0,660,106,0,0,22,533,0,0,4,0,0,0,1,0,0,0,163,0,0,0,0,7,0,8,1,0,0,0,0,0,0,0,1,6,0,8,0,0,0,0,0,9,0,0,1,0,329,0,7,0,104,0,11,0,0,0,0,0,2,22,1,0,0,13,29990,0,0,0,1,0,5,0,0,0,0,109,0,0,0,34,0,0,8,280,67,16,5,0,0,1,0,0,3,0,73,1,21,4,1,14,0,26,8,48,0,0,0,0,9,3,31,11,0,0,5,0,0,2,9,23,109,1,364,10,23,0,8,3,0,0,21461,0,6,0,21,8,5,0,0,6,0,5,20,131,195,3,0,9,13,71,0,4,0,93,0,380,1,0,58906,27,214,0,0,0,0,0,0,0,0,0,5,0,0,0,0,0,0,0,0,0,0,30,2,0,0,0,0,0,14011,0,6,632,163,0,0,334,0,0,75,0,0,0,0
"SA118VXL",4,0,0,1,0,5,0,2696,3291,0,0,6,2376,0,0,9,0,0,0,0,0,0,4,160,0,0,0,1,11,5,6,5,0,0,0,0,0,0,2,0,1,0,0,0,1,0,4,0,3,0,0,0,4,547,12,7,0,86,0,0,0,0,0,1,0,139,4,0,0,0,2,16292,0,3,0,4,0,0,0,0,0,0,14,5,20,2,0,0,0,9,103,96,1,0,0,0,0,0,0,2,0,56,0,0,0,1,1,0,10,0,47,0,2,0,7,1,1,0,4,2,2,5,0,0,1,3,0,19,0,184,5,9,0,0,3,1,2,4,0,0,9,95,2,0,1,0,4,0,6,89,56,71,0,1850,2,11,212,0,0,0,11,0,21416,0,0,4798,15,51,2,0,1,0,2,0,0,3,0,0,0,0,0,0,0,0,0,0,0,0,21,0,1,0,0,0,0,6823,4,42,2918,16,0,0,7289,0,1,163,2,0,5,0
"SA120V1L",3,0,1,0,3,0,0,172,30,0,0,4,75,0,0,1,3,0,2,0,0,0,0,29,0,2,0,0,0,5,1,1,0,0,0,0,0,0,0,0,1,0,0,0,8,5,0,0,9,0,0,0,0,0,0,0,0,2,4,14,0,0,0,0,0,0,0,0,0,1,1,2926,0,0,0,4,3,147,0,0,0,0,13,0,0,0,0,0,0,0,26,10,5,0,0,0,0,0,0,48,0,2,0,0,0,0,2,0,7,0,7,1,0,0,0,3,0,0,1,0,0,2,0,0,7,7,5,183,0,10,2,39,0,21,2,0,2,922,0,0,0,9,0,0,0,0,4,0,0,0,1,2,0,0,0,0,230,0,0,1,7,0,27,0,0,2557,6,49,0,0,0,0,3,0,2,3,0,0,0,0,0,0,0,0,0,0,0,0,1,3,0,0,51,12,0,75247,0,1,81,9,0,0,0,0,0,15,0,0,2,0
"SA121VXL",1,0,0,0,0,2,0,1,2,0,0,0,0,0,0,0,0,83,0,0,0,0,0,388,0,0,0,0,16,34,2,0,0,0,0,0,0,0,0,82,0,0,0,22,502,250,26,0,0,0,0,0,22,40,0,0,0,246,2,0,0,0,0,0,0,29,0,0,19,110,0,213,0,0,0,0,0,0,0,0,0,0,35,8,0,0,0,0,0,31,26,0,0,0,0,0,0,0,0,0,0,66,0,28,0,0,0,0,16,0,96,39,0,0,0,0,0,0,10,0,0,11,0,0,0,0,0,0,0,118,23,0,0,23,96951,0,0,12,0,0,0,78,0,0,19,0,0,0,5,1,0,304,0,0,0,0,20,0,0,0,0,0,489,0,0,3513,0,166,0,0,0,0,0,0,0,183,0,0,0,0,0,0,0,0,0,2,0,0,55,0,0,0,50,0,0,384,0,23,2846,1,0,0,0,50,25,261,0,0,0,0
"SA122V1L",4,0,0,0,0,14,0,1289,329,0,0,1,637,0,0,5,0,0,0,0,0,0,1,31,0,0,0,18,13,1,4312,1,0,0,0,0,0,0,0,0,3,0,0,0,0,0,0,0,6,0,0,0,20,6,0,0,0,19,1,0,0,0,5,0,0,0,0,0,0,0,5,12158,0,1,2,4,2,0,1,0,0,0,1,0,0,0,1,1,0,0,25,15,0,1,1,0,2,0,0,0,0,5,0,0,1,1,1,0,5,0,7,0,0,0,0,0,3,0,0,0,0,1,0,0,0,28,2,17,0,56,3,2,0,13,1,0,0,124,0,0,0,45,1,0,0,1,0,0,0,9,93,82,0,0,1,1,148,0,0,1,0,2,157,1,0,2404,0,3,1,0,0,0,0,0,1,0,0,0,1,0,0,0,0,0,0,0,0,0,3,0,0,0,0,1,0,12564,0,0,228,0,0,0,1,4,6,109,0,0,0,0
"SA123V1L",4,0,2,0,0,22,1,994,347,0,0,0,320,0,1,1,7,0,0,0,0,0,1,46,0,0,0,16,8,1,9323,3,6,1,12,0,0,0,1,0,16,0,0,1,0,0,2,0,2,0,1,0,10,2,0,0,0,39,2,1,0,0,0,0,0,0,1,1,0,1,1,13872,0,0,3,25,10,89,0,0,0,0,80,0,0,0,0,1,0,0,4,18,1,0,0,0,17,0,0,87,2,15,0,0,0,1,0,0,1,0,1,0,0,0,0,2,6,0,2,0,0,1,2,0,1,39,2,26,1,36,2,12,0,6,1,0,0,53,0,0,0,15,2,2,0,1,7,1,1,12,3,47,0,0,0,0,285,0,0,1,3,0,42,0,1,21243,4,20,0,0,0,0,2,1,0,4,0,0,0,0,0,0,0,0,0,0,0,0,2,0,0,0,0,0,0,25679,0,3,644,39,0,0,27,0,1,19,2,0,6,0
"SA125V1L",5,0,0,0,0,13,0,0,18,0,0,6,0,0,0,0,0,14,0,0,13,0,0,10,3,0,6,0,0,0,3,0,0,0,0,0,0,0,5,0,11,0,4,0,12,14,0,0,0,0,0,0,0,9,0,0,0,9,0,0,0,0,0,0,0,13,0,0,0,9,0,145,0,0,0,0,0,0,0,0,0,0,17,6,0,0,0,0,0,0,34,19,0,6,0,0,1,0,0,3,0,7,17,6,0,0,0,7,0,0,0,4,0,0,0,17,3,0,0,0,0,1,0,0,0,0,4,1,0,15,0,132,0,0,6,0,5,1,0,0,0,0,0,7,0,4,2,0,0,0,0,0,0,0,3,1,61,0,1,0,0,0,70,0,0,9,0,22,0,0,0,0,0,0,0,0,0,0,0,0,3,8,4,0,0,2,1,0,22,0,0,0,1,0,0,117198,0,0,95,1,0,0,0,12,0,16,0,0,3,0
"SA126V1L",2,0,0,0,2,74,0,99,28,0,0,4,46,0,0,5,2,0,0,0,2,0,0,64,0,0,0,1,0,0,3838,0,0,0,0,0,0,0,0,0,0,0,0,0,0,0,0,0,0,0,0,0,0,11,0,0,0,133,0,0,0,0,0,0,0,0,0,0,0,0,7,7498,0,0,0,0,0,0,0,0,0,0,0,0,0,0,0,0,0,0,22,56,3,0,0,0,0,0,0,0,0,24,0,0,0,0,3,0,17,0,9,0,0,0,0,13,6,6,0,0,0,0,0,0,0,1,3,25,0,91,78743,8,0,14,867,0,0,1766,0,0,0,131,0,1,0,0,2,0,14,19,10,212,0,0,0,4,23,0,0,0,43,0,54,0,0,6807,2,44,0,0,0,0,0,0,0,0,0,0,0,0,0,0,0,0,0,0,0,0,9,0,0,0,0,0,0,1285,0,0,765,22,0,0,0,0,0,33,0,0,0,0
"SA127V1L",4,0,0,0,0,1,0,62,13,0,0,0,22,0,0,0,0,0,0,0,0,0,0,18,0,0,0,0,0,0,2,1,0,0,0,0,0,0,0,0,0,0,0,0,0,0,0,0,0,0,0,0,0,0,0,0,0,3,0,0,0,0,0,0,0,0,0,0,0,0,0,4807,0,0,0,0,4,0,0,0,0,0,0,0,0,0,0,0,0,0,2,1,0,0,0,0,0,0,0,0,0,5,0,0,0,0,0,0,11,0,2,0,0,0,0,0,0,0,0,0,0,0,0,0,0,2,1,3,0,6,3,0,0,1,5,0,1,291,0,0,1,0,0,0,0,0,0,0,0,6,127,106,0,0,0,1,64,0,0,0,0,0,3,0,0,763,2,2,0,0,0,0,0,0,0,0,0,0,3,0,0,0,0,0,0,0,0,0,0,0,0,0,0,0,0,8527,0,1,41,0,0,0,0,0,0,9,0,0,0,0
"SA130V1R",3,1,12,3,0,11,0,105,11,2,0,0,5,0,1,1,2,3,0,2,0,0,0,31,0,0,1,17,7,2,3821,7,0,0,0,0,0,1,43,0,101,2,0,0,1,0,13,3,3,0,0,0,2,1,1,0,0,31,1,0,1,8,1,2,0,1,27,1,0,1,0,9815,20,0,1,3,5,3,0,0,1,2,409,15,1,1,0,0,0,1,33,51,2,3,0,1,3,0,1,29,5,54,0,0,0,0,0,0,25,0,8,0,1,0,0,13,73,44,30,2,4,10,0,1,3,34,1,29,0,42,0,13,0,0,8,0,15,730,0,0,0,36,3,17,2,9,38,0,2,11,132,89,0,0,1,2,898,1,0,0,5,0,33,4,2,1590,5,20,8,0,12,1,9,0,0,0,3,1,0,0,0,20,2,1,1,10,4,0,108,0,1,0,3,0,0,16099,1,3,1227,6,0,0,4,0,0,36,5,0,5,0
"SA132VXR",5,0,1,23,1,13,1,2194,1354,0,115,6,1596,9,214,0,3,2,6,0,0,0,1,312,0,9,28,0,12,15,96,396,0,0,0,0,0,1,0,0,4,0,4,0,0,6,2,0,348,0,0,0,13,212,0,1,0,156,26,1,0,0,0,0,0,6,0,0,0,7,32,22847,0,0,25,336,76,67,1,0,0,0,12,0,0,0,4,2,4,2,24,63,6,5,0,0,0,0,0,16,0,88,3,2,0,4,10,1,4,0,29,0,0,0,4,2,15,1,48,0,0,0,158,0,14,12,38,255,9,279,7,34,0,15,0,40,1,356,0,0,0,54,0,2,0,0,8,0,0,9,48,49,2,0,0,1,1208,0,0,0,138,1,590,22,2,4778,4,36,1,2,4,1,12,0,0,8,3,0,1,0,0,2,0,7,0,1,2,0,15,0,1,29,6345,1116,168,16646,6,2,18553,0,0,1,149,37,7,399,1,1,5,0
"SA133V1R",1,0,0,0,0,1049,0,64,42,0,0,6,7,0,0,12,5,0,0,0,0,0,0,405,0,1,0,4,196,0,3,3,0,0,0,0,0,0,0,0,0,0,0,0,0,0,0,0,0,0,0,0,2,7,7,0,0,1831,0,0,0,0,0,0,0,0,0,0,0,2,1,658,0,0,0,2,0,1,0,0,0,0,0,0,0,69,3,0,9,22,1716,399,160,0,0,0,0,0,0,1,0,194,0,0,0,0,2,0,42,0,173,0,0,0,0,1,0,0,0,0,0,0,0,1,0,0,0,18,0,1397,0,2,0,0,1,0,1,12,0,7,8,607,3,0,0,0,0,0,573,1014,6926,8622,0,0,0,5,193,0,0,2,288,15,1829,0,0,1200,0,0,0,0,0,0,0,0,0,0,0,0,0,0,0,0,0,0,0,0,0,0,0,0,0,0,0,0,0,673,161,0,16265,1,0,0,9,1,9,2493,0,0,0,0
"SA135V1R",4,1,3,8,0,7,0,678,615,0,0,0,1553,0,0,0,0,0,0,0,0,0,0,49,0,0,0,0,0,0,3,0,0,0,0,0,0,0,10,0,0,0,0,1,0,0,20,0,0,0,0,0,15,0,0,0,0,64,0,0,10,0,0,0,0,0,8,0,0,0,0,25872,0,0,4,0,38,15,0,0,3,0,813,3,0,0,5,0,0,0,35,10,0,5,3,0,0,0,0,14,0,3,0,0,1,0,1,0,6,0,7,0,0,0,0,0,0,11,3,0,3,9,0,0,3,3,0,29,1,30,0,51,0,0,1,0,0,4862,0,0,0,11,0,0,0,0,0,0,0,15,0,87,0,0,9,10,33,0,0,0,63,0,553,0,0,16060,31,286,0,0,3,0,2,1,0,2,0,0,0,0,0,0,0,0,0,0,0,0,19,0,0,0,0,0,0,4694,0,8,288,37,0,0,194,0,1,79,0,0,0,0
"SA138V1R",5,0,2,4,0,3,0,462,1009,0,0,1,238,0,0,0,0,0,0,0,0,0,8,900,0,0,8,16,6,0,12,1,0,0,0,0,5,0,0,0,3,2,0,0,0,0,14,0,0,0,0,1,0,7,0,0,0,1,9,0,0,0,0,0,0,12,0,0,0,0,0,19902,0,1,0,0,10,1,0,0,0,0,27,6,377,0,0,0,0,0,16,2,9,0,0,0,2,0,0,2,0,6,0,0,0,0,0,0,0,0,0,0,0,0,0,0,2,0,0,0,1,1,0,0,0,11,11,12,0,12,46,0,0,1,28497,0,11,1,0,0,0,2,0,0,0,1,1,0,0,5,0,19,0,0,0,0,107,2,0,0,19,0,908,0,0,12759,9,30,0,0,1,1,203,0,0,3,0,0,0,0,0,0,0,0,0,0,2,0,18,0,0,0,0,0,0,4910,0,1,154,12,0,0,93,0,0,21,0,1,0,0
"SA140V1R",1,0,0,0,1,3,0,17,9,0,0,5,2,0,0,4,0,0,0,0,0,0,0,67,0,0,0,0,0,12,5,18,0,0,0,0,0,0,7,0,10,0,0,0,3,16,0,0,19,0,0,0,0,16,2,0,0,21,3,0,0,0,0,0,0,0,0,0,0,19,2,86966,0,0,1,0,1,1,0,0,0,0,6,0,0,0,2,0,0,2,115,18,1,0,0,0,0,0,0,6,2,7,0,2,0,0,0,0,0,0,19,0,0,0,0,2,1,0,1,0,0,2,1,0,2,5,0,22,1,41,1,96,0,4,2,0,0,3,0,1,10,10,0,0,0,0,3,0,0,3,5,16,0,0,0,2,171,3,0,0,11,0,41,0,0,1243,14,25,5,0,4,0,0,0,0,0,0,0,1,0,0,0,0,0,0,0,8,0,7,4,0,0,2,0,3,17478,1,6,288,0,0,0,4,3,5,73,0,0,1,0
"SA141V1R",4,0,4,14,4,345,7,693,592,152,16,49,282,0,17,0,4,1,3,10,11,0,0,318,5,250,4,0,1,10,12,162,0,0,0,0,5,4,1,0,3,0,0,0,294,50,2,1,1032,1,0,0,5,46,1,0,0,270,214,9,0,2,0,0,0,429,2,2,0,204,58,17673,2,0,1,34,8,47,3,1,30,0,386,25,1,1,10,0,2,2,92,210,21,4,0,0,14,0,0,177,8,138,0,7,1,12,14,482,6,0,24,457,0,0,1,2,19,1,1,0,0,7,34,0,32,29,630,861,139,200,4964,4956,47,846,172,0,3,814,0,0,4,21,2,0,0,7,71,0,5,31,559,155,6,3,5,27,386,0,0,2,70,4,1421,1,1,10715,9,102,0,1,0,19,31,6,0,176,2,10,0,1,0,2,0,0,1,0,6,1,106,8,0,0,13,16,2,4110,11,16,5553,13,0,0,285,1268,41,589,14,0,34,7
"SA142V1L",3,0,0,0,0,0,1,1831,827,0,0,0,2232,0,1,0,0,0,0,0,0,0,0,3,0,0,0,0,0,0,3,4,0,0,0,0,0,0,0,0,7,0,0,0,0,0,1,0,0,0,0,0,0,0,0,0,0,4,0,0,0,0,0,0,0,0,0,0,0,0,1,14950,0,0,1,0,3,1,0,0,1,0,52,0,0,0,0,0,0,0,20,16,0,0,1,1,0,0,0,1,0,4,0,0,0,0,0,0,28,0,1,0,0,0,1,0,0,1,2,0,0,0,0,0,0,35,2,5,0,2,0,0,0,0,1,0,0,0,0,0,1,3,0,0,0,0,3,0,0,3,2,9,0,0,0,0,240,0,0,0,1,0,2,0,0,7578,6,16,0,0,0,0,1,0,0,1,0,0,0,0,0,0,0,0,0,0,0,0,1,0,0,0,0,0,0,20006,2,2,55,37,0,0,0,0,0,3,0,0,0,0
"SA143V1R",2,0,0,0,0,260,0,2852,592,151,0,0,3478,0,102,0,0,0,0,0,0,0,0,23,0,0,0,0,55,0,0,129,0,191,3,0,0,0,0,0,0,0,0,0,576,0,0,0,1150,0,0,0,0,1407,0,0,213,403,0,0,0,0,0,0,0,0,0,0,0,0,0,13297,0,114,0,0,478,0,0,0,0,0,0,0,212,0,0,0,0,69,304,154,1,0,0,0,0,0,0,0,0,0,0,0,0,0,120,0,256,1,0,0,0,0,0,0,88,109,0,0,0,0,133,0,6,0,272,135,0,237,2,0,0,84,6,0,0,4994,0,0,0,2,0,0,0,0,0,0,0,0,0,62,0,0,0,0,163,0,0,0,1990,0,8486,0,0,1673,0,181,0,0,0,0,0,0,0,0,0,0,0,0,0,0,0,0,0,0,0,0,0,0,0,0,86,0,0,1967,0,0,3179,0,0,0,1366,0,0,398,0,0,0,0
"SA144V1L",2,0,3,2,0,10,0,1583,257,0,0,0,115,3,0,0,1,0,2,0,0,0,5,94,0,0,0,0,21,0,4,5,0,1,5,0,0,3,7,0,4,0,0,0,0,2,0,0,0,0,0,0,7,75,0,0,0,57,0,0,0,0,0,0,0,5,18,0,0,27,0,3158,23,0,0,0,28,12,0,0,0,6,31,0,0,0,6,0,0,30,80,76,1,0,0,0,0,0,0,3,0,5,0,19,0,1,0,0,2,0,99,25,0,0,0,0,0,0,1,1,0,1,0,0,1,7,2,27,0,267,1,84,0,5,20,0,0,40,8,0,0,203,23,5,0,0,21,2,31,17,120,275,0,0,3,0,354,0,0,0,28,0,158,0,3,5793,10,162,2,1,2,1,7,0,0,0,0,0,0,0,7,0,0,0,0,7,2,0,49,0,0,0,6,0,0,86022,1,18,834,3,11,0,14,23,3,107,8,0,3,0
"SA145V1L",2,3,57,17,5,13,0,1192,20,2,0,230,202,0,6,3,15,1,0,0,7,0,0,175,4,237,0,1,0,85,27,19,0,0,0,0,0,4,1,0,0,0,0,0,4288,568,0,0,6,0,0,0,0,10,0,2,1,81,17,3,0,0,0,1,0,173,3,0,0,655,39,4153,4,185,0,14,3,19,3,0,0,0,155,2,0,1,4,1,1,4,34,15,4,1,1,15,116,0,0,34,2,45,1,0,0,4,1,0,30,0,21,230,0,3,0,2,7,0,2,2,3,15,3,0,6,11,24,75,1,115,93,126,1,47,40415,0,0,1231,0,1,6,3,1,2,0,2,29,0,6,4,6,27,8,0,4,6,351,0,0,2,11,3,561,0,0,13347,2,97,1,0,1,1,4,4,0,33,0,2,0,0,0,2,0,0,0,1,0,0,33,5,2,0,21,5,2,15516,1,4,1243,0,0,1,249,244,4,108,3,0,5,2
"SA146V1L",2,0,18,1,0,4,2,897,160,0,0,0,942,1,0,0,0,0,7,4,0,0,0,11,0,0,0,1,0,0,4,4,0,0,0,0,0,0,6,0,5,0,0,0,0,0,7,0,2,0,1,0,0,1,0,0,0,7,1,0,1,0,0,0,0,0,1,0,0,0,0,17577,0,0,0,7,2,0,0,0,0,0,5,8,0,0,0,0,0,0,9,6,0,2,0,0,1,0,1,8,0,1,0,0,0,0,0,0,3,0,4,0,0,0,0,0,5,0,3,2,2,4,1,0,0,10,0,23,1,6,57,8,0,0,60318,0,0,12,20,0,0,4,0,1,0,1,1,0,5,2,0,1,0,0,0,2,49,0,0,0,0,0,7,0,5,14423,1,57,0,0,1,0,1,0,0,20,0,0,0,0,0,5,0,0,2,1,0,0,12,0,1,0,0,0,0,6165,0,2,58,62,0,0,6,0,0,1,1,0,0,0
"SA147V1L",3,0,2,2,0,19,2,1418,85,1,0,3,1267,0,1,0,1,0,0,0,0,0,0,64,0,0,0,16,5,0,6,3,0,0,0,0,0,0,4,3,10,0,0,0,4,6,2,0,15,0,0,0,1,10,0,0,0,67,0,0,0,0,0,0,0,0,0,0,1,0,2,8688,0,0,0,0,1,0,0,0,0,0,7,1,0,1,0,0,0,5,23,105,3,3,0,0,0,0,0,0,0,77,0,0,1,5,0,0,108,0,29,0,0,13,0,0,3,0,0,0,0,3,10,0,1,25,3,16,0,171,1,1,0,5,4,0,0,338,8,0,4,19,0,2,0,0,4,0,41,102,17,57,0,0,1,0,631,1,0,0,29,1,198,0,0,8503,10,29,2,0,0,0,1,0,0,0,0,0,0,1,0,0,0,0,0,0,0,0,0,0,0,0,5,1,2,18083,3,0,3729,8,0,0,2,1,8,101,2,0,1,0
"SA148V1L",1,1,38,0,0,30,0,1062,0,0,0,0,1,0,0,0,6,0,0,3,0,0,0,56,0,0,0,0,3,0,6,0,0,0,0,0,0,0,3,4,15,0,0,0,0,0,22,0,0,0,0,0,0,0,0,0,0,81,0,0,1,0,2,0,0,0,0,0,0,21,24,9292,0,0,0,0,0,0,0,0,0,0,164,33,0,0,0,0,0,3,19,26,0,0,0,0,0,0,0,15,0,4,0,0,0,0,12,0,5,0,0,39,0,0,0,28,34,0,15,9,5,5,0,0,6,1,0,2,0,87,1,2427,0,40,6,0,0,5092,0,0,0,4,0,5,0,0,13,0,0,2,24,88,10,0,0,0,75,0,0,0,2,0,62,0,0,1440,38,516,0,0,0,0,8,0,0,13,0,0,0,0,0,0,0,0,0,0,161,0,82,0,0,0,0,0,0,26359,0,0,1071,0,0,0,9,6,0,111,100,0,10,0
