TrainlogLoss,TrainAUC,TrainprAUC,TrainAccuracy,TrainKappa,TrainF1,TrainSensitivity,TrainSpecificity,TrainPos_Pred_Value,TrainNeg_Pred_Value,TrainPrecision,TrainRecall,TrainDetection_Rate,TrainBalanced_Accuracy,method,feats,estat,raw_estat,norm_esat,rawE,ami,numRatios,numParts,labels,seed
0.6050732485471381,0.7389583333333333,0.4924699900793651,0.6943571428571429,0.36039598493294145,0.6411826268969126,0.5549999999999999,0.8033333333333333,0.724694589877836,0.7196904761904762,0.724694589877836,0.5549999999999999,0.24102380952380953,0.6791666666666666,lda1,10,7.329272214360246,13.718418774645626,0.06896563777954447,27.357329459521942,0.0018089718571166705,4,5,Permuted,1
0.6392262733284896,0.7085416666666666,0.4844112103174603,0.6835238095238095,0.3473937552785379,0.654296066252588,0.5966666666666667,0.7504166666666666,0.6681122448979592,0.72325,0.6681122448979592,0.5966666666666667,0.2593333333333333,0.6735416666666666,lda1,10,6.842108805764672,16.58296809578961,0.07231802699194921,33.06640810829001,0.024160791866789343,4,5,Permuted,2
0.56998565583748,0.7544444444444445,0.49520213293650794,0.6472857142857142,0.26680307156611505,0.6150654413812309,0.5191666666666667,0.75,0.642156862745098,0.6902619047619047,0.642156862745098,0.5191666666666667,0.2237142857142857,0.6345833333333333,lda1,10,7.988157770686912,12.535248586772806,0.07442927115244267,24.99285072732149,0.015808651658253698,4,5,Permuted,3
0.6659319858159902,0.7036805555555555,0.47367088293650794,0.6086428571428572,0.19644213588344023,0.5826093010303537,0.5108333333333334,0.6883333333333334,0.5743859649122807,0.6652976190476191,0.5743859649122807,0.5108333333333334,0.21923809523809523,0.5995833333333334,lda1,10,7.279027378572678,12.610048814530016,0.07335721309995578,25.13720186292737,0.004844717881814748,4,5,Permuted,4
0.6437985512274355,0.7575694444444444,0.50696875,0.6750238095238095,0.3240840644862384,0.6391593508911945,0.5625,0.7625,0.6689862542955326,0.7106904761904762,0.6689862542955326,0.5625,0.24333333333333332,0.6625,lda1,10,7.448914878974728,12.839888189160703,0.07178638310369914,25.59102041603793,0.00976441249959998,4,5,Permuted,5
0.6759922192906078,0.6736284722222222,0.4628055555555556,0.6488571428571428,0.2756685724903116,0.6354132457580733,0.5658333333333333,0.7133333333333334,0.6103298611111111,0.7009404761904762,0.6103298611111111,0.5658333333333333,0.2455,0.6395833333333333,lda1,10,7.214468669209031,13.76686512908215,0.07768426837495189,27.448197664452533,0.024160791866789343,4,5,Permuted,6
0.5668898822781774,0.7869097222222222,0.5154707341269841,0.6643571428571429,0.3164439980309546,0.625062656641604,0.6216666666666667,0.7,0.6467444120505345,0.7328523328523329,0.6467444120505345,0.6216666666666667,0.2691190476190476,0.6608333333333333,lda1,10,10.965236464429637,15.451604550615157,0.0921658003321957,30.8111575269385,1.8390380762044488e-4,4,5,Permuted,7
0.648317746046407,0.7,0.4739203869047619,0.6557857142857143,0.2960784099958013,0.6336753485924757,0.6041666666666666,0.695,0.6297178130511464,0.7189514189514189,0.6297178130511464,0.6041666666666666,0.26221428571428573,0.6495833333333333,lda1,10,7.460471894163386,14.276690505572864,0.07359548340816746,28.448274725847927,0.015808651658253698,4,5,Permuted,8
0.6102251497069043,0.7355555555555555,0.5066215277777778,0.7017380952380953,0.3981565733783125,0.691096757852077,0.6866666666666666,0.7166666666666667,0.6857021996615905,0.7727580372250423,0.6857021996615905,0.6866666666666666,0.2972619047619047,0.7016666666666667,lda1,10,8.301916209164336,13.276308893681287,0.06953937800054856,26.46669497801496,0.0018089718571166705,4,6,Permuted,9
0.5487696628780079,0.7981944444444444,0.5204377480158731,0.7400238095238095,0.4555783028565637,0.6930990578049402,0.6233333333333333,0.8295833333333333,0.7802245250431779,0.7651830581478822,0.7802245250431779,0.6233333333333333,0.2707380952380952,0.7264583333333333,lda1,10,8.909288627296563,13.178451921056094,0.07272609416391168,26.286559425065903,0.004844717881814748,4,5,Permuted,10
0.6332226180173908,0.725486111111111,0.4904623015873016,0.6372380952380953,0.25117560048647003,0.6206949058693245,0.5499999999999999,0.705,0.6079447322970639,0.69923426657095,0.6079447322970639,0.5499999999999999,0.23864285714285713,0.6275,lda1,10,8.18253626716266,12.211743083200812,0.08165236179659725,24.34714098219679,0.00976441249959998,4,5,Permuted,11
0.5830813687784148,0.7746527777777777,0.5129699900793651,0.7010238095238095,0.37861634814460904,0.6657142857142857,0.5741666666666666,0.8008333333333333,0.7199122807017544,0.7239166666666667,0.7199122807017544,0.5741666666666666,0.248,0.6875,lda1,10,8.759155476594573,14.763617590230604,0.07547458231544821,29.44767307025219,1.8390380762044488e-4,4,5,Permuted,12
0.5320250036860283,0.8307638888888889,0.545108382936508,0.7555,0.5099633031219988,0.733309161227943,0.7783333333333333,0.7424999999999999,0.7363790186125211,0.8332499999999999,0.7363790186125211,0.7783333333333333,0.3367857142857143,0.7604166666666666,lda1,10,10.163752872791036,22.412819576536137,0.09156003149183242,44.70443890992878,0.015808651658253698,4,5,Permuted,13
0.5525652881492248,0.8236805555555555,0.540532738095238,0.7395,0.45834633868546915,0.6952635599694423,0.65,0.8099999999999999,0.7703508771929825,0.7841588896865278,0.7703508771929825,0.65,0.2823809523809524,0.73,lda1,10,10.774501693890407,15.741141639856215,0.08278700980088748,31.407115968481833,0.015808651658253698,4,6,Permuted,14
0.5423915614283038,0.8155555555555556,0.5339437003968254,0.7489047619047619,0.46843892460196807,0.7034937888198758,0.6166666666666667,0.8479166666666667,0.7911816578483245,0.7680545585068198,0.7911816578483245,0.6166666666666667,0.2702142857142857,0.7322916666666667,lda1,10,10.922313110312745,16.266348719582187,0.08463837881256706,32.428601755461834,0.015808651658253698,4,7,Permuted,15
0.565850263170105,0.7688888888888888,0.5078546626984127,0.6998571428571428,0.3749572811246724,0.663469387755102,0.5549999999999999,0.81875,0.7312834224598931,0.7267857142857143,0.7312834224598931,0.5549999999999999,0.2389047619047619,0.686875,lda1,10,11.723824765289224,17.29189244228595,0.10049775042109411,34.46829434425324,0.00976441249959998,4,5,Permuted,16
0.6233946988282224,0.7514930555555556,0.5017557043650793,0.6403333333333333,0.25313260097390533,0.6120868347338936,0.5241666666666667,0.7316666666666667,0.6393442622950819,0.6856664273749701,0.639344262295082,0.5241666666666667,0.22616666666666665,0.6279166666666667,lda1,10,9.175490125203273,19.344096290488622,0.0856123567136656,38.56249277177352,0.10834535079407721,4,5,Permuted,17
0.5405415187303335,0.8147916666666667,0.5386269841269842,0.7637142857142857,0.5149340018274801,0.7417741402116402,0.73,0.7870833333333334,0.7684523809523809,0.8133809523809523,0.7684523809523809,0.73,0.3186428571428571,0.7585416666666667,lda1,10,11.02303703960369,15.73702000073941,0.08690447018445788,31.3786889861253,0.0018089718571166705,4,6,Permuted,18
0.4742842641812238,0.8763194444444444,0.5728695436507937,0.8077857142857143,0.6061079461601201,0.8013640873015873,0.8133333333333334,0.7995833333333333,0.7988888888888889,0.8773749093546048,0.7988888888888889,0.8133333333333334,0.35438095238095235,0.8064583333333333,lda1,10,10.181936341483082,13.709510116082988,0.07499057559322367,27.360695079213528,0.004844717881814748,4,7,Permuted,19
0.5929736312749752,0.7810416666666666,0.5095753968253969,0.7186190476190476,0.4237961615679007,0.6858654572940287,0.6516666666666666,0.7729166666666667,0.7331615120274914,0.7580880593443408,0.7331615120274914,0.6516666666666666,0.2824047619047619,0.7122916666666667,lda1,10,10.038885969281845,21.195667210257525,0.09671705653925773,42.24425913625321,0.024160791866789343,4,5,Permuted,20
0.5373743637039848,0.8434027777777777,0.5512621527777778,0.7665952380952381,0.5096380691771997,0.7425482625482626,0.6849999999999999,0.8266666666666667,0.7878947368421052,0.8035119047619047,0.7878947368421052,0.6849999999999999,0.2990952380952381,0.7558333333333332,lda1,10,12.827009762529075,14.668034807556081,0.09613414155845551,29.27530362473699,0.0018089718571166705,4,5,Permuted,21
0.6036501438077004,0.7599305555555556,0.5129853670634921,0.6688095238095239,0.31712717620543707,0.6422520389371218,0.5891666666666666,0.73375,0.6460683760683761,0.719,0.6460683760683761,0.5891666666666666,0.25426190476190474,0.6614583333333333,lda1,10,9.898378410345316,18.964885583967668,0.08841310787677069,37.80841973446095,0.024160791866789343,4,5,Permuted,22
0.5619201244270768,0.7804513888888889,0.513735615079365,0.7076428571428571,0.3699735595322552,0.6418154761904762,0.5075,0.8566666666666667,0.7722222222222223,0.7127976190476191,0.7722222222222223,0.5075,0.22347619047619047,0.6820833333333333,lda1,10,11.170023886139543,18.26171718683405,0.09541022351806898,36.40739039242775,0.004844717881814748,4,5,Permuted,23
0.6109660653144587,0.7867361111111111,0.5282437996031746,0.6851190476190476,0.35063292842423277,0.6639084048920114,0.6233333333333333,0.73125,0.6709401709401709,0.7406197654941373,0.6709401709401709,0.6233333333333333,0.27264285714285713,0.6772916666666666,lda1,10,9.191569720545557,15.29054172781143,0.0782382619006037,30.48583246709548,0.0018089718571166705,4,6,Permuted,24
0.5658574935520407,0.8052083333333333,0.5309193948412698,0.6685952380952381,0.3228748254161298,0.6326036866359447,0.6016666666666667,0.725,0.6609965635738831,0.7243120363723379,0.6609965635738831,0.6016666666666667,0.2611428571428571,0.6633333333333333,lda1,10,8.231004964947767,14.03799367185786,0.07529273217918318,27.989399650254416,0.0018089718571166705,4,5,Permuted,25
0.6394081630678061,0.7586111111111111,0.5085927579365079,0.6917380952380953,0.3530598459511503,0.6351224105461394,0.5225,0.8254166666666667,0.7318100358422939,0.7092380952380952,0.7318100358422939,0.5225,0.2246904761904762,0.6739583333333333,lda1,10,10.47298961418909,25.311400044435814,0.10067983250271802,50.457183829285114,0.08764049632190306,4,5,Permuted,26
0.6467308984627219,0.7240972222222222,0.49643005952380953,0.6929285714285714,0.36664840449405667,0.6620988612836439,0.62,0.74875,0.6895509499136442,0.7427008177008176,0.6895509499136442,0.62,0.27035714285714285,0.684375,lda1,10,8.278629499600761,12.12453286610106,0.07413792478325747,24.174166339960948,0.015808651658253698,4,5,Permuted,27
0.5462084024755078,0.7909027777777777,0.5227256944444445,0.6765238095238095,0.32286678683635206,0.6482419712070875,0.5466666666666666,0.7766666666666666,0.6825225225225225,0.7091309523809524,0.6825225225225225,0.5466666666666666,0.2378333333333333,0.6616666666666666,lda1,10,8.13373383641991,10.019198378874382,0.06396433242114558,19.99313799311311,0.024160791866789343,4,7,Permuted,28
0.6430350037534928,0.7173611111111111,0.4858737599206349,0.6863095238095238,0.35396351016133626,0.6523024594453166,0.5941666666666666,0.7616666666666666,0.6856020942408377,0.7294252044252044,0.6856020942408377,0.5941666666666666,0.2570952380952381,0.6779166666666666,lda1,10,7.287991835133844,11.553109361577246,0.06305018057662688,23.028127976701615,0.00976441249959998,4,5,Permuted,29
0.6950622330708863,0.6957986111111111,0.4783467261904762,0.6262142857142857,0.21387871114392853,0.5906806894536956,0.47,0.7441666666666666,0.5924731182795698,0.666487197894233,0.5924731182795698,0.47,0.20707142857142857,0.6070833333333333,lda1,10,7.381241410763852,15.188529722190596,0.07567803270771274,30.26252822012361,0.04518418292786788,4,5,Permuted,30
0.6020441622313111,0.7484722222222222,0.5037048611111111,0.6758333333333333,0.33122028454637154,0.6494888350820555,0.5841666666666666,0.75125,0.6650087260034904,0.732034632034632,0.6650087260034904,0.5841666666666666,0.25335714285714284,0.6677083333333333,lda1,10,7.1508490181371345,8.743000424822945,0.06255222752490577,17.429140196421674,0.024160791866789343,4,6,Permuted,31
0.5092703231575316,0.8366666666666667,0.549951388888889,0.7376666666666667,0.4489063907107385,0.7011970534069981,0.5983333333333333,0.8466666666666667,0.7828070175438596,0.748983010289543,0.7828070175438596,0.5983333333333333,0.2595238095238095,0.7224999999999999,lda1,10,11.009910893498496,18.72248670772935,0.0904664308554386,37.35017993293764,0.004844717881814748,4,7,Permuted,32
0.6499139786635968,0.7355555555555555,0.5045887896825397,0.708952380952381,0.40104305911479826,0.6920720720720721,0.6608333333333333,0.74375,0.6914529914529914,0.7687349687349687,0.6914529914529914,0.6608333333333333,0.28914285714285715,0.7022916666666666,lda1,10,8.099563168375173,14.313685003354463,0.07336578232295571,28.53824609464587,0.004844717881814748,4,6,Permuted,33
0.6049134665862003,0.7481944444444444,0.4970280257936508,0.6476428571428572,0.2691428445950185,0.6193057946069994,0.5133333333333333,0.75625,0.6514732965009208,0.6960157932519742,0.6514732965009208,0.5133333333333333,0.22097619047619046,0.6347916666666666,lda1,10,6.729102461240227,9.148975114278013,0.0571201132576017,18.24543809769884,1.8390380762044488e-4,4,5,Permuted,34
0.6223165464170339,0.75125,0.5045357142857143,0.7146190476190476,0.41696686413425543,0.6946950710108605,0.6908333333333333,0.7325,0.7033505154639175,0.7700833333333333,0.7033505154639175,0.6908333333333333,0.30057142857142854,0.7116666666666667,lda1,10,8.630409020009747,14.435749751150945,0.07681558576358531,28.777624056147772,0.024160791866789343,4,6,Permuted,35
0.6424032905680908,0.7313888888888889,0.5057827380952381,0.6744285714285714,0.32566135000265434,0.6301066874837367,0.5725,0.7525,0.6776923076923077,0.7142255892255892,0.6776923076923077,0.5725,0.24945238095238095,0.6625,lda1,10,7.99807200731303,13.482237313219638,0.07373294895063542,26.877717951104596,0.024160791866789343,4,6,Permuted,36
0.5997375161761831,0.7477777777777778,0.5058291170634921,0.7333571428571428,0.43110008976530717,0.6901360544217687,0.5675,0.8591666666666666,0.7966480446927374,0.7423928571428571,0.7966480446927374,0.5675,0.24695238095238095,0.7133333333333333,lda1,10,11.977817559366278,17.651360848274777,0.0900461409906711,35.20964556869804,0.015808651658253698,4,5,Permuted,37
0.5487992551081343,0.7853472222222222,0.5135124007936508,0.6810952380952381,0.3456885418928897,0.6541077969649398,0.6033333333333333,0.74625,0.676203007518797,0.7266570949988035,0.676203007518797,0.6033333333333333,0.2601428571428571,0.6747916666666667,lda1,10,9.847818373911032,14.013526653198511,0.08100339480562399,27.946342011491808,0.03315443868702788,4,5,Permuted,38
0.5714759896710185,0.7970138888888889,0.5285034722222223,0.7268809523809524,0.4443631988784163,0.6996915864791512,0.7091666666666666,0.7404166666666666,0.7222222222222222,0.7927008177008177,0.7222222222222222,0.7091666666666666,0.30842857142857144,0.7247916666666666,lda1,10,10.3715920415846,14.928968482390959,0.08444506684186524,29.75126880078993,0.0018089718571166705,4,5,Permuted,39
0.535838120801816,0.8297916666666666,0.5459543650793651,0.7263809523809523,0.4410161799553104,0.6923859126984127,0.6725,0.7720833333333333,0.7324915824915825,0.7691666666666667,0.7324915824915825,0.6725,0.2909285714285714,0.7222916666666667,lda1,10,10.875775575448197,15.597662410537742,0.08761360921324889,31.126988802767784,0.004844717881814748,4,5,Permuted,40
0.5587200852246662,0.80375,0.5302150297619048,0.7078809523809524,0.4075796884275145,0.6924012158054711,0.6825,0.7295833333333334,0.6969144800777454,0.7729514140681654,0.6969144800777454,0.6825,0.29607142857142854,0.7060416666666667,lda1,10,9.990875026680083,12.869177944649715,0.081164981560814,25.663219563489104,0.0018089718571166705,4,5,Permuted,41
0.5862583695470335,0.7839583333333333,0.5159952876984127,0.6571904761904762,0.2945193975107019,0.6195502645502645,0.5625,0.7341666666666666,0.6680035650623886,0.6996785714285714,0.6680035650623886,0.5625,0.24247619047619046,0.6483333333333333,lda1,10,10.107001216657164,13.345046793217552,0.08280674847500222,26.60772616345008,1.8390380762044488e-4,4,5,Permuted,42
0.5314426922197795,0.833125,0.546796378968254,0.7328333333333333,0.45089230720969853,0.7084656084656085,0.6883333333333334,0.76875,0.7264805414551607,0.7849166666666666,0.7264805414551607,0.6883333333333334,0.29876190476190473,0.7285416666666666,lda1,10,11.887912009953508,14.493384063022749,0.0991416449819966,30.393195495214755,0.03315443868702788,3,4,Permuted,43
0.6278937164263948,0.728125,0.4994124503968254,0.6765952380952381,0.327214191605496,0.6440274414850686,0.5599999999999999,0.7670833333333333,0.671957671957672,0.7089047619047619,0.671957671957672,0.5599999999999999,0.2430952380952381,0.6635416666666666,lda1,10,7.72894109981514,14.76136167733714,0.07650624905260596,29.43283290884336,0.00976441249959998,4,5,Permuted,44
0.6372666026535578,0.7372222222222222,0.49585391865079365,0.6819285714285714,0.33684735023430673,0.6264141015522231,0.5458333333333333,0.7895833333333333,0.7156084656084656,0.7142380952380952,0.7156084656084656,0.5458333333333333,0.23788095238095236,0.6677083333333333,lda1,10,7.231747771338276,9.874632539477828,0.06335703904418916,19.674201843646163,0.0018089718571166705,4,5,Permuted,45
0.5307433302164736,0.8412499999999999,0.5509640376984127,0.7350714285714286,0.45665293160945336,0.7149281934996221,0.6966666666666667,0.7625,0.727008547008547,0.7917147667147667,0.727008547008547,0.6966666666666667,0.30273809523809525,0.7295833333333333,lda1,10,12.094920895869343,19.78809255473235,0.08708551970783814,39.477283440946344,0.00976441249959998,4,6,Permuted,46
0.46937927935816476,0.8636805555555556,0.5644714781746032,0.7744047619047619,0.5290132859893729,0.7345486111111111,0.7008333333333333,0.83,0.785982905982906,0.80925,0.785982905982906,0.7008333333333333,0.30507142857142855,0.7654166666666666,lda1,10,13.093573584050342,15.040890694761753,0.10106186849084488,30.015067589507165,0.0018089718571166705,4,5,Permuted,47
0.5102420259254649,0.8221527777777777,0.5439613095238095,0.7271428571428571,0.42040036774819384,0.7011423066336361,0.5866666666666667,0.8325,0.745632798573975,0.7571547619047618,0.745632798573975,0.5866666666666667,0.25807142857142856,0.7095833333333333,lda1,10,7.629110633587582,9.902896205805867,0.06412565848091835,19.752725236474028,1.8390380762044488e-4,4,6,Permuted,48
0.6380192280553042,0.7813194444444445,0.5287735615079365,0.7232857142857143,0.4383263403263403,0.7037698412698413,0.7125,0.7329166666666667,0.6950084602368866,0.7861904761904762,0.6950084602368867,0.7125,0.309047619047619,0.7227083333333333,lda1,10,11.017337996413314,20.09864730612177,0.10051781649984355,40.0547645087114,0.03315443868702788,4,5,Permuted,49
0.5319634589804368,0.8225,0.5417284226190476,0.758,0.48203356570965267,0.7158461124562819,0.5841666666666666,0.8929166666666667,0.8346014492753623,0.7615714285714286,0.8346014492753623,0.5841666666666666,0.253547619047619,0.7385416666666667,lda1,10,8.276149103942352,13.415314458281712,0.07156454139047046,26.76760359358262,0.015808651658253698,4,6,Permuted,50
0.4382906248516169,0.8856597222222222,0.5804615575396825,0.7886904761904762,0.5616291867552737,0.7552553663952628,0.73,0.8329166666666666,0.8004251700680272,0.8251904761904761,0.8004251700680272,0.73,0.31752380952380954,0.7814583333333333,lda1,10,14.35529872479032,18.321956447654376,0.10031361582341304,36.56985712519434,0.015808651658253698,4,6,Permuted,51
0.5874111519939798,0.7649652777777778,0.5077383432539683,0.6671428571428571,0.2945133328024632,0.6256235827664399,0.49166666666666664,0.7983333333333333,0.6945945945945946,0.6867619047619047,0.6945945945945946,0.49166666666666664,0.21623809523809523,0.645,lda1,10,8.629490528273736,12.3554223968746,0.07782469823787876,24.635347240541282,0.0018089718571166705,4,5,Permuted,52
0.5791976539142273,0.7648611111111111,0.5045059523809524,0.7067380952380953,0.3920889726215813,0.6772573510278428,0.6083333333333333,0.7820833333333334,0.7098445595854922,0.7434047619047619,0.7098445595854922,0.6083333333333333,0.2647380952380952,0.6952083333333333,lda1,10,7.366681901999768,13.407586851908013,0.06382567834943316,26.73291301880477,0.07311282655686299,4,6,Permuted,53
0.5841172326520554,0.7740972222222222,0.5125362103174603,0.7068809523809524,0.40511398360094014,0.6892603850050658,0.6725,0.7366666666666667,0.686026936026936,0.7703517587939698,0.686026936026936,0.6725,0.29045238095238096,0.7045833333333333,lda1,10,8.322947281553049,12.871488963418308,0.08193836264095382,26.89037960960184,0.00976441249959998,3,5,Permuted,54
0.5664029485746008,0.7711805555555555,0.506577132936508,0.6710714285714285,0.3471174333717812,0.6595562034337544,0.7033333333333334,0.65,0.6407857142857143,0.7416666666666667,0.6407857142857143,0.7033333333333334,0.30447619047619046,0.6766666666666666,lda1,10,7.826314619389132,13.33319627345007,0.06585170623328729,26.590478341772318,1.8390380762044488e-4,4,6,Permuted,55
0.5559742606489478,0.8035416666666666,0.5331304563492063,0.7747142857142857,0.5321214633192894,0.7337073049114934,0.6775,0.8545833333333334,0.8112244897959183,0.7928809523809524,0.8112244897959183,0.6775,0.29135714285714287,0.7660416666666666,lda1,10,10.72087376707222,18.574028039539595,0.08793472829916645,37.04388158700873,0.0018089718571166705,4,5,Permuted,56
0.5608672129490259,0.7850694444444444,0.5114739583333333,0.7052380952380952,0.3906045213240866,0.6684075780849974,0.6266666666666667,0.7641666666666667,0.709278350515464,0.7537738095238095,0.709278350515464,0.6266666666666667,0.2722857142857143,0.6954166666666667,lda1,10,11.001851333316377,17.62483178061925,0.09188206002673595,35.12998108755287,0.0018089718571166705,4,5,Permuted,57
0.5881482705700698,0.7775,0.5153864087301587,0.7126904761904762,0.4082825396825397,0.6761008704557092,0.6275,0.7795833333333333,0.7308290155440414,0.7541756401052884,0.7308290155440414,0.6275,0.2728809523809524,0.7035416666666666,lda1,10,5.7157331443499375,12.201807770787786,0.058210303029390606,24.344200082823196,0.0018089718571166705,4,6,Permuted,58
0.5577259321608725,0.8040277777777778,0.5325141369047619,0.7088095238095238,0.4063572598898686,0.6682376043200785,0.6625,0.7474999999999999,0.7084175084175084,0.7606604450825556,0.7084175084175084,0.6625,0.2879047619047619,0.705,lda1,10,9.757781804708964,17.733511038584396,0.09323476239877948,35.359477823826815,0.00976441249959998,4,6,Permuted,59
0.672794875920164,0.7172916666666667,0.494781994047619,0.661952380952381,0.30936059592581333,0.6342599742599743,0.6083333333333333,0.70625,0.6352136752136752,0.7175833333333334,0.6352136752136752,0.6083333333333333,0.2626190476190476,0.6572916666666666,lda1,10,9.00373229466408,16.245660250477673,0.09703276617191853,32.37116748040829,0.0018089718571166705,4,5,Permuted,60
0.6180842642473614,0.7988194444444444,0.5444823908730159,0.7523571428571428,0.487641905196253,0.7109977324263038,0.6591666666666667,0.8270833333333333,0.7781519861830742,0.78325,0.7781519861830742,0.6591666666666667,0.2866666666666667,0.7431249999999999,lda1,10,8.339426631512788,12.718562752250055,0.0711023528680522,25.36816770320458,0.00976441249959998,4,6,Permuted,61
0.6109633143674759,0.7440277777777777,0.5051500496031746,0.6352857142857142,0.2479491563991564,0.6115819209039548,0.5491666666666667,0.69875,0.622829861111111,0.6835714285714285,0.6228298611111112,0.5491666666666667,0.24042857142857144,0.6239583333333333,lda1,10,7.361619009191486,11.438505190945698,0.06720132407649629,22.808617709083297,1.8390380762044488e-4,4,5,Permuted,62
0.596619218235799,0.7518402777777777,0.4925719246031746,0.665,0.323391036017123,0.631027175268013,0.6224999999999999,0.7033333333333334,0.6642378559463986,0.7272727272727273,0.6642378559463986,0.6224999999999999,0.2678809523809524,0.6629166666666666,lda1,10,6.335515501108159,9.921136792653328,0.05856490668181267,19.783933350698405,0.03315443868702788,4,6,Permuted,63
0.45652172712912925,0.8854166666666666,0.5771158234126984,0.8087380952380953,0.6028665645948255,0.7711681547619048,0.7158333333333333,0.8854166666666666,0.8574358974358974,0.8258571428571428,0.8574358974358974,0.7158333333333333,0.3087857142857143,0.8006249999999999,lda1,10,13.2880300235076,14.274760548326332,0.09784984000599488,28.469518206253124,0.00976441249959998,4,5,Permuted,64
0.6167980671164373,0.76375,0.5126252480158731,0.6702142857142858,0.32586001655349484,0.644461983688503,0.6075,0.7241666666666666,0.6475820379965458,0.7312634601579325,0.6475820379965458,0.6075,0.26171428571428573,0.6658333333333333,lda1,10,9.549189584039892,12.813237931352793,0.08095150543981207,25.541443599453324,0.015808651658253698,4,5,Permuted,65
0.5736919761530629,0.7745833333333333,0.5090910218253968,0.6719285714285714,0.32729094987138463,0.6410226385636222,0.5841666666666666,0.7408333333333333,0.6676818950930626,0.7167743479301268,0.6676818950930626,0.5841666666666666,0.2538333333333333,0.6625,lda1,10,10.005012085411032,18.013313126786674,0.08906071609667222,35.90743087961037,0.015808651658253698,4,5,Permuted,66
0.651474666594733,0.7556944444444444,0.5162271825396826,0.7120238095238095,0.4007665689383081,0.6758131667967734,0.605,0.7945833333333333,0.7295138888888889,0.7440476190476191,0.7295138888888889,0.605,0.2632380952380952,0.6997916666666666,lda1,10,9.091069886675145,15.029973818079078,0.07934860991970223,29.962067136824736,0.015808651658253698,4,5,Permuted,67
0.5679942662812262,0.7984027777777778,0.5333581349206349,0.7436904761904762,0.45500657313700793,0.6911787665886027,0.5841666666666666,0.86625,0.7977312390924957,0.7479642857142856,0.7977312390924957,0.5841666666666666,0.2540952380952381,0.7252083333333333,lda1,10,10.847945496386753,19.63078477714821,0.09283356094005589,39.15689108611838,0.004844717881814748,4,5,Permuted,68
0.5392216405911523,0.8045833333333333,0.5343499503968254,0.7108809523809524,0.42574696849044674,0.7025864152767706,0.7708333333333334,0.6666666666666666,0.6778056951423785,0.8095959595959595,0.6778056951423785,0.7708333333333334,0.3342380952380952,0.71875,lda1,10,11.589684631834421,21.40707561762649,0.09858022830631347,42.67887482832542,0.024160791866789343,4,5,Permuted,69
0.6070601134828014,0.7852083333333333,0.521344246031746,0.7071428571428572,0.40262131853653593,0.6827538422776518,0.6666666666666666,0.73875,0.7013745704467353,0.7601340033500837,0.7013745704467353,0.6666666666666666,0.29057142857142854,0.7027083333333333,lda1,10,7.908292004066055,32.816750141523805,0.10725853118554904,65.44384056108242,0.0018089718571166705,4,5,Permuted,70
0.5639923022897604,0.8030555555555555,0.5277986111111111,0.7180714285714286,0.4210367552737118,0.6876061776061776,0.6408333333333334,0.7820833333333334,0.7316840277777777,0.7652907394113424,0.7316840277777777,0.6408333333333334,0.2769047619047619,0.7114583333333333,lda1,10,10.118041281616764,16.362676406846063,0.09131107471342634,32.62372079432692,0.024160791866789343,4,5,Permuted,71
0.6300612063773712,0.729375,0.49436359126984125,0.6452380952380953,0.2631617505682723,0.6223093861822185,0.54,0.7254166666666667,0.6244791666666667,0.6901904761904761,0.6244791666666667,0.54,0.23452380952380952,0.6327083333333333,lda1,10,6.328883409290537,12.154540021245307,0.05790426296877017,24.235080802453943,0.015808651658253698,4,5,Permuted,72
0.5930914692123496,0.7787499999999999,0.5055523313492064,0.689595238095238,0.35580502758111454,0.6447671376242805,0.5775,0.7775,0.6985165794066317,0.7266785714285714,0.6985165794066318,0.5775,0.24995238095238095,0.6775,lda1,10,8.451814285428233,15.639615933224315,0.07236009423152995,31.185896969512083,0.024160791866789343,4,6,Permuted,73
0.5884417315547706,0.7778472222222222,0.5152299107142857,0.7351428571428571,0.4470578095817226,0.675746360720454,0.6224999999999999,0.8204166666666667,0.7659090909090909,0.75925,0.7659090909090909,0.6224999999999999,0.2703809523809524,0.7214583333333333,lda1,10,10.889360407770777,16.808178049768788,0.09482787196797113,33.51253216019366,0.015808651658253698,4,5,Permuted,74
0.586070152175876,0.77125,0.5155017361111112,0.7024761904761905,0.3763627254388124,0.6612433862433862,0.58,0.795,0.7205263157894737,0.7324404761904761,0.7205263157894737,0.58,0.2521904761904762,0.6875,lda1,10,9.042891856845296,14.638470663815218,0.07656918487684958,29.178312625726935,0.015808651658253698,4,5,Permuted,75
0.5682680312851816,0.8111805555555556,0.533641121031746,0.6671190476190476,0.31457150434106956,0.6437315039009954,0.5908333333333333,0.72875,0.6488656195462478,0.73025138989606,0.6488656195462478,0.5908333333333333,0.25666666666666665,0.6597916666666667,lda1,10,7.824276434950657,11.459757877666986,0.06597236022054137,22.86172503596704,1.8390380762044488e-4,4,6,Permuted,76
0.6554176475476011,0.6929861111111111,0.4856584821428571,0.6645714285714286,0.3183005648940432,0.6568696330991413,0.6358333333333334,0.6849999999999999,0.6376043200785468,0.7260469011725293,0.6376043200785468,0.6358333333333334,0.27649999999999997,0.6604166666666667,lda1,10,7.604337258015847,11.704091765797994,0.07219974199569613,23.34711517463218,0.057025995203308484,4,5,Permuted,77
0.5235066547808547,0.8131944444444444,0.53121875,0.7347380952380952,0.4545728735033083,0.7025305410122163,0.6766666666666666,0.7783333333333333,0.7472789115646259,0.7791457286432161,0.7472789115646259,0.6766666666666666,0.29466666666666663,0.7274999999999999,lda1,10,8.800535964774753,10.926549301712942,0.06517064582201265,21.78329379761745,0.015808651658253698,4,7,Permuted,78
0.5642921025362791,0.8090625,0.5453650793650794,0.7388809523809524,0.4665385206580859,0.7077596841845547,0.7008333333333333,0.7695833333333333,0.7361252115059221,0.7967336683417086,0.7361252115059221,0.7008333333333333,0.30457142857142855,0.7352083333333334,lda1,10,9.811042490307011,12.188821196572171,0.08475214551539177,24.32167512147292,0.03315443868702788,4,5,Permuted,79
0.6192073084522135,0.7438194444444445,0.5050391865079366,0.6491666666666667,0.271103454516498,0.6193333333333333,0.5466666666666666,0.72625,0.6328924162257495,0.6941309523809523,0.6328924162257495,0.5466666666666666,0.23788095238095236,0.6364583333333333,lda1,10,8.73764214020126,10.84276840968678,0.07967861117497943,21.616863831618364,0.0018089718571166705,4,5,Permuted,80
0.4830719748978055,0.8436805555555555,0.5452209821428572,0.7437857142857143,0.4717251103968495,0.7167046605876393,0.6716666666666666,0.8025,0.7384353741496599,0.776,0.7384353741496599,0.6716666666666666,0.2896666666666667,0.7370833333333333,lda1,10,10.358881738530823,28.535464253352472,0.1029905587730943,56.90620670295189,1.8390380762044488e-4,4,5,Permuted,81
0.5733762243364787,0.8059027777777777,0.5379756944444445,0.7604047619047619,0.49783351503568896,0.7262036306235201,0.63,0.86625,0.8079322638146167,0.7786547619047619,0.8079322638146168,0.63,0.27199999999999996,0.7481249999999999,lda1,10,9.033956575163518,11.781996404460031,0.07380433518952514,23.514670591116676,0.0018089718571166705,4,5,Permuted,82
0.6381789205263804,0.7381944444444444,0.49815376984126986,0.6583333333333333,0.2961860955469651,0.6359911406423034,0.5491666666666667,0.74875,0.6542046605876393,0.7057359307359307,0.6542046605876393,0.5491666666666667,0.2352142857142857,0.6489583333333333,lda1,10,8.421523997749166,13.408992511059502,0.08051137241336433,26.734483694546782,1.8390380762044488e-4,4,6,Permuted,83
0.6097305801803203,0.764375,0.5101205357142857,0.6844285714285714,0.35223037767385595,0.6687654320987654,0.6183333333333333,0.7375,0.6667539267015706,0.7335833333333334,0.6667539267015706,0.6183333333333333,0.26766666666666666,0.6779166666666666,lda1,10,6.533237290528703,11.70256803432786,0.05824678126320323,23.33616568584726,0.00976441249959998,4,7,Permuted,84
0.6235391510680524,0.7171527777777778,0.4836371527777778,0.637095238095238,0.24910582509278162,0.5990586932447397,0.5175,0.7341666666666666,0.6394021739130434,0.679014118210098,0.6394021739130434,0.5175,0.223,0.6258333333333334,lda1,10,6.230629403122125,12.313239846498124,0.06490028298559856,24.547872254419755,0.0018089718571166705,4,5,Permuted,85
0.6284926019340414,0.6825694444444445,0.4701185515873016,0.6398571428571429,0.268249629436586,0.6322647867340605,0.5975,0.675,0.6011544011544011,0.7161880832735104,0.6011544011544011,0.5975,0.2604047619047619,0.63625,lda1,10,6.729669620364799,18.649662847152097,0.07506766499913066,37.17494390763045,0.0018089718571166705,4,5,Permuted,86
0.632246121647317,0.6845138888888889,0.4662700892857143,0.6305714285714286,0.21667212063299018,0.5976341169379145,0.44416666666666665,0.7720833333333333,0.6170349907918968,0.6543333333333333,0.6170349907918968,0.44416666666666665,0.19423809523809524,0.608125,lda1,10,6.54461124527193,9.287292532539523,0.06705157716955884,18.518369829177395,0.08764049632190306,4,5,Permuted,87
0.5680971083577369,0.805625,0.5320843253968254,0.7313333333333333,0.445737595013682,0.6939463019250254,0.645,0.8004166666666667,0.7550949913644214,0.765007215007215,0.7550949913644214,0.645,0.2788809523809524,0.7227083333333333,lda1,10,12.983178260070817,21.424432588636922,0.11572822938420477,42.70233792938427,0.03315443868702788,4,5,Permuted,88
0.5353151966445608,0.8071527777777777,0.5310297619047619,0.6866190476190476,0.36794653559001383,0.6625724363819602,0.66,0.7125,0.686614853195164,0.7509691313711414,0.686614853195164,0.66,0.2855714285714286,0.6862499999999999,lda1,10,13.228069061340523,21.16769008034165,0.10802246461354699,42.194686667739134,0.004844717881814748,4,5,Permuted,89
0.484887729708381,0.8367361111111111,0.5440763888888889,0.7248571428571429,0.4323224044876219,0.6902927120669056,0.645,0.79,0.7356770833333334,0.7651666666666667,0.7356770833333334,0.645,0.2789047619047619,0.7174999999999999,lda1,10,11.763633723362059,20.505713038933564,0.10048909970903967,40.895229460309054,0.03315443868702788,4,5,Permuted,90
0.5259032525364112,0.8078124999999999,0.5328725198412698,0.7223095238095238,0.43891319260449696,0.7065071054599851,0.7116666666666667,0.7333333333333333,0.7073504273504273,0.7884404761904762,0.7073504273504273,0.7116666666666667,0.30876190476190474,0.7224999999999999,lda1,10,11.312155755259113,15.227180619184548,0.1019765956186565,30.361091570939603,0.004844717881814748,4,5,Permuted,91
0.5029640738344379,0.8389930555555556,0.5460972222222222,0.7692619047619048,0.5213720916764395,0.7389770723104057,0.6966666666666667,0.8270833333333333,0.7902417962003454,0.8046542234984446,0.7902417962003454,0.6966666666666667,0.30228571428571427,0.761875,lda1,10,10.96695903861612,17.29935952225789,0.09339860488787236,34.49902785247198,0.0018089718571166705,4,5,Permuted,92
0.5057732987537326,0.8213194444444444,0.5347016369047619,0.6728809523809524,0.32114483559918344,0.6520487264673311,0.5583333333333333,0.76375,0.6569148936170213,0.7176309523809523,0.6569148936170213,0.5583333333333333,0.24176190476190476,0.6610416666666666,lda1,10,8.05820497172143,15.572244140743189,0.08063604429318352,31.042733324581185,0.03315443868702788,4,5,Permuted,93
0.5535657558996341,0.7915625,0.5162309027777778,0.6945476190476191,0.3820135550439898,0.6595361460646435,0.66,0.72875,0.678849407783418,0.7535238095238095,0.678849407783418,0.66,0.2844047619047619,0.694375,lda1,10,7.25538960728206,11.090420527322385,0.06436338722814715,22.11866532796985,0.00976441249959998,4,6,Permuted,94
0.5548256633495222,0.7931944444444444,0.5219449404761904,0.7360952380952381,0.4516643943013508,0.6962531328320802,0.6566666666666666,0.7941666666666667,0.7566666666666666,0.7734146925101699,0.7566666666666667,0.6566666666666666,0.2875714285714286,0.7254166666666666,lda1,10,11.97499178285964,19.202549694039273,0.1032076871478517,38.278247612488656,1.8390380762044488e-4,4,5,Permuted,95
0.5294445682658256,0.8321180555555555,0.536593501984127,0.7491428571428571,0.4985371473936691,0.734122934888241,0.7625,0.7424999999999999,0.7379629629629629,0.8194585448392555,0.7379629629629629,0.7625,0.3298809523809524,0.7525,lda1,10,10.075391766192565,16.812258901289013,0.09038649078124977,33.53978546050103,0.0018089718571166705,4,6,Permuted,96
0.45139500722983206,0.8631597222222223,0.5561336805555556,0.7533571428571428,0.4785484247636422,0.7017503217503217,0.6216666666666667,0.8541666666666666,0.8147058823529412,0.7744404761904762,0.8147058823529412,0.6216666666666667,0.27026190476190476,0.7379166666666667,lda1,10,11.797295156828037,11.188941871365444,0.08907720520430495,22.33005143707684,0.015808651658253698,4,6,Permuted,97
0.578952346149213,0.7613194444444444,0.5106297123015873,0.6777142857142857,0.33370194081281035,0.6496617965367966,0.575,0.7591666666666667,0.6745989304812834,0.7249047619047619,0.6745989304812834,0.575,0.24942857142857142,0.6670833333333333,lda1,10,6.304519045242294,9.216177767884297,0.05369133098653188,18.387823244855895,0.08764049632190306,4,6,Permuted,98
0.5830578909223059,0.7658333333333334,0.5028236607142857,0.6522142857142857,0.2761183381835556,0.6255742296918767,0.5266666666666666,0.7516666666666667,0.6387719298245614,0.6990428332136874,0.6387719298245614,0.5266666666666666,0.22833333333333333,0.6391666666666667,lda1,10,6.7526848361413805,9.997866078861874,0.0633715944716872,19.937155402115607,1.8390380762044488e-4,4,5,Permuted,99
0.6358392287315648,0.7011111111111111,0.47353199404761903,0.6668095238095239,0.30747465698552656,0.6436925647451963,0.5458333333333333,0.7629166666666667,0.6574468085106383,0.7079285714285714,0.6574468085106383,0.5458333333333333,0.23614285714285713,0.6543749999999999,lda1,10,7.491162996893636,13.657107812394127,0.07246665945318359,27.208804695862536,0.004844717881814748,4,5,Permuted,100
0.5049305373537766,0.8481944444444445,0.5555823412698413,0.7396190476190476,0.46159220996394906,0.7110898905016552,0.6741666666666667,0.7908333333333333,0.7451644575355916,0.788741325675999,0.7451644575355916,0.6741666666666667,0.2934047619047619,0.7324999999999999,lda1,10,11.643175863807203,16.697491425349725,0.09931702295112962,33.2850894197531,0.00976441249959998,4,6,Permuted,101
0.5724529116993025,0.7840972222222222,0.5190835813492064,0.7141666666666666,0.40887286610330087,0.6967429959233238,0.6558333333333333,0.7579166666666667,0.7103298611111111,0.764021164021164,0.7103298611111111,0.6558333333333333,0.28614285714285714,0.7068749999999999,lda1,10,7.604443222997434,14.132433502927494,0.07620810920946423,28.183267949098248,0.0018089718571166705,4,5,Permuted,102
0.6349450724270941,0.7289583333333334,0.5016369047619048,0.6987857142857142,0.37189747868878303,0.6677641723356009,0.5725,0.8004166666666667,0.7148550724637681,0.7234047619047619,0.7148550724637681,0.5725,0.24842857142857142,0.6864583333333333,lda1,10,7.864837538835792,11.954525490001982,0.06935479754774636,23.850915620346917,1.8390380762044488e-4,4,5,Permuted,103
0.619193283840123,0.7594444444444445,0.510218501984127,0.6817142857142857,0.32738468922381964,0.637015503875969,0.51,0.8141666666666667,0.707078853046595,0.6973318975831538,0.707078853046595,0.51,0.2216190476190476,0.6620833333333334,lda1,10,5.8254152042749165,10.800659247244438,0.055427318003637,21.53818672438319,1.8390380762044488e-4,4,5,Permuted,104
0.6352104343205337,0.6795833333333333,0.47518923611111114,0.6335952380952381,0.2180295928708972,0.6154603174603175,0.44166666666666665,0.77625,0.6069288389513109,0.6625833333333333,0.6069288389513109,0.44166666666666665,0.19466666666666665,0.6089583333333333,lda1,10,7.117675119656851,11.765953674955352,0.06277828661119554,23.44316039348769,1.8390380762044488e-4,4,5,Permuted,105
0.5918572230527752,0.7953472222222222,0.5265972222222223,0.7356428571428572,0.45501593551376157,0.7066389518770471,0.6775,0.7808333333333334,0.7381802721088435,0.7836904761904762,0.7381802721088435,0.6775,0.29392857142857143,0.7291666666666666,lda1,10,7.888539544705968,13.19972880708966,0.0696280735738872,26.31873057643716,1.8390380762044488e-4,4,5,Permuted,106
0.5399771445717358,0.8006944444444444,0.5270892857142857,0.7340714285714286,0.4642452824952825,0.7188411078717201,0.7683333333333333,0.7083333333333334,0.6946666666666667,0.8221943048576215,0.6946666666666667,0.7683333333333333,0.3330714285714286,0.7383333333333333,lda1,10,9.303562996920476,17.807943202105076,0.08405623546375128,35.518221016804226,0.03315443868702788,4,5,Permuted,107
0.6366058724125866,0.7061111111111111,0.48069965277777776,0.6734285714285714,0.330432604110865,0.6446232339089482,0.5733333333333334,0.7545833333333333,0.6816412859560067,0.7042952859535774,0.6816412859560068,0.5733333333333334,0.24707142857142855,0.6639583333333333,lda1,10,5.840897105715095,14.455607420666814,0.057289523618618936,28.836608127136174,1.8390380762044488e-4,4,7,Permuted,108
0.5404985897801756,0.8290972222222223,0.5432770337301587,0.7530476190476191,0.48440600993209687,0.7114591291061879,0.6441666666666667,0.8391666666666666,0.7896160558464224,0.7768809523809523,0.7896160558464224,0.6441666666666667,0.28009523809523806,0.7416666666666666,lda1,10,12.1653212755383,20.870463273559977,0.10281106925007832,41.64212301443928,0.03315443868702788,4,6,Permuted,109
0.677824717482577,0.6723611111111111,0.4690994543650794,0.5900952380952381,0.151751187540318,0.5705910994254553,0.46749999999999997,0.68625,0.5549645390070922,0.6310714285714285,0.5549645390070922,0.46749999999999997,0.20238095238095238,0.576875,lda1,10,6.306880023501222,12.984327614977762,0.0680731755163879,25.890179906607845,0.03315443868702788,4,5,Permuted,110
0.5883495341893393,0.7960416666666666,0.5387847222222222,0.7483333333333333,0.4920560714647671,0.7238581146744412,0.7474999999999999,0.75125,0.7372895622895623,0.8155,0.7372895622895623,0.7474999999999999,0.3238809523809524,0.749375,lda1,10,9.950459790966391,14.79577930555458,0.07923925100201913,29.519938909696904,0.004844717881814748,4,6,Permuted,111
0.5764772153761741,0.8110416666666667,0.5401986607142857,0.757452380952381,0.4805017916865743,0.7057595105081138,0.58,0.8933333333333333,0.8347826086956521,0.7590595238095238,0.8347826086956521,0.58,0.25285714285714284,0.7366666666666667,lda1,10,13.917831854368297,22.98705375749175,0.10650898455896224,45.86204941332484,0.0018089718571166705,4,6,Permuted,112
0.5881663014343896,0.7640277777777778,0.5008859126984126,0.6863809523809524,0.35778009558879126,0.6673909272269928,0.6458333333333334,0.7162499999999999,0.6683246073298429,0.752797619047619,0.6683246073298429,0.6458333333333334,0.2819761904761905,0.6810416666666667,lda1,10,8.626772464521652,18.90473052095435,0.07524727767302394,37.727725725530284,0.00976441249959998,4,5,Permuted,113
0.640112667725313,0.6791666666666667,0.45976934523809526,0.634452380952381,0.22865448014143666,0.5845846723147337,0.44666666666666666,0.7804166666666666,0.6516574585635359,0.6590357142857143,0.6516574585635359,0.44666666666666666,0.19457142857142856,0.6135416666666667,lda1,10,7.127624487651426,11.904675625127808,0.06546360882770545,23.727081902205907,0.00976441249959998,4,5,Permuted,114
0.648911269378274,0.7613194444444444,0.5158154761904762,0.7231904761904762,0.4506791937531068,0.7088263588263588,0.7625,0.6979166666666666,0.69425,0.8047138047138047,0.69425,0.7625,0.3292380952380952,0.7302083333333333,lda1,10,7.661697646450988,17.60385557258855,0.06853503919055608,35.128704518434766,0.0018089718571166705,4,6,Permuted,115
0.5573278947558129,0.7894444444444444,0.5195310019841269,0.6989047619047619,0.384768018454975,0.6813470842882607,0.6591666666666667,0.7295833333333334,0.6744047619047618,0.7580238095238095,0.6744047619047618,0.6591666666666667,0.2862619047619048,0.694375,lda1,10,8.855051530525571,12.053991283127079,0.07104090859090408,24.03498579257633,0.015808651658253698,4,5,Permuted,116
0.5588017568412407,0.7740972222222222,0.5037199900793651,0.655952380952381,0.29779190012885665,0.6285321821036107,0.6016666666666667,0.7020833333333333,0.6304439484126984,0.7230318257956448,0.6304439484126984,0.6016666666666667,0.2604047619047619,0.651875,lda1,10,8.353757103558474,14.071791472547863,0.07130882557825255,28.071277785070514,0.0018089718571166705,4,5,Permuted,117
0.6207524874236519,0.7154166666666667,0.4847356150793651,0.6532857142857142,0.28297899274638405,0.6266420361247947,0.5483333333333333,0.7379166666666667,0.6485562310030395,0.6971045704714046,0.6485562310030395,0.5483333333333333,0.2365,0.643125,lda1,10,6.427910963743772,6.98803980270822,0.05668031203986412,13.933326540559124,0.024160791866789343,4,5,Permuted,118
0.590366372538527,0.7938888888888889,0.5225200892857143,0.6833571428571429,0.36081902228206575,0.6708829365079365,0.7058333333333333,0.6641666666666667,0.6427609427609428,0.7613876863876864,0.6427609427609428,0.7058333333333333,0.3065952380952381,0.6849999999999999,lda1,10,10.724972749620823,16.324983011946284,0.09757928303699302,32.5522647232828,1.8390380762044488e-4,4,5,Permuted,119
0.6518084889962867,0.7520833333333333,0.507014632936508,0.7124285714285714,0.39745494215929,0.6762825572217838,0.6033333333333333,0.7958333333333333,0.7255731922398589,0.7454880952380952,0.7255731922398589,0.6033333333333333,0.26335714285714285,0.6995833333333333,lda1,10,8.5288626924435,16.620865961064883,0.0813926310377017,33.142186908294434,0.024160791866789343,4,5,Permuted,120
0.6082671797199513,0.7479166666666667,0.5000972222222222,0.6930714285714286,0.36479975024975025,0.6550307219662058,0.6133333333333333,0.7504166666666666,0.6919689119170984,0.7467575975113663,0.6919689119170984,0.6133333333333333,0.2698095238095238,0.681875,lda1,10,6.785625473898304,12.784805643366616,0.06495430449135044,25.49429622998349,0.00976441249959998,4,5,Permuted,121
0.5975615208556209,0.7461111111111111,0.49425719246031746,0.656952380952381,0.287059870805523,0.619087747458534,0.5516666666666666,0.7391666666666666,0.6285837651122625,0.7040714285714286,0.6285837651122625,0.5516666666666666,0.2402142857142857,0.6454166666666666,lda1,10,8.020838564277447,15.45776091094768,0.07344679046059731,30.814203995827647,0.04518418292786788,4,6,Permuted,122
0.5865290505648668,0.8258333333333333,0.5482018849206349,0.7398333333333333,0.4648365931170279,0.6947199605230693,0.6675,0.8004166666666667,0.7548469387755102,0.7798809523809523,0.7548469387755102,0.6675,0.28897619047619044,0.7339583333333333,lda1,10,14.905078489526492,21.935998371898172,0.13114870412531962,43.734584400491876,0.024160791866789343,4,5,Permuted,123
0.6346082917982738,0.7222916666666667,0.4967266865079365,0.6557619047619048,0.30311615003354136,0.6423067076292883,0.6375,0.67375,0.6207070707070707,0.7263571428571428,0.6207070707070707,0.6375,0.2751190476190476,0.655625,lda1,10,8.958541637420636,19.314303708764754,0.09115369890259317,38.48784015434231,1.8390380762044488e-4,4,5,Permuted,124
0.5081763410679284,0.8208333333333333,0.5315248015873016,0.6761428571428572,0.35118703229138015,0.666628672745694,0.6966666666666667,0.6641666666666667,0.6445909645909645,0.7765047135605511,0.6445909645909645,0.6966666666666667,0.30145238095238097,0.6804166666666667,lda1,10,8.21937718799519,13.36949116645011,0.0806459021054407,26.656924489895424,0.057025995203308484,4,5,Permuted,125
0.5961392316684632,0.7290277777777777,0.48579290674603176,0.6495714285714286,0.2782359312185399,0.6175396825396825,0.5599999999999999,0.7204166666666667,0.6328970331588133,0.6992544492544492,0.6328970331588133,0.5599999999999999,0.24364285714285713,0.6402083333333333,lda1,10,7.969983546765219,11.667061222390883,0.07460408021055952,23.260026370318023,0.015808651658253698,4,5,Permuted,126
0.5804481722868919,0.8239583333333333,0.5471321924603175,0.7662857142857142,0.5207620505098766,0.741904761904762,0.7141666666666666,0.8095833333333333,0.7825561312607945,0.8113809523809523,0.7825561312607945,0.7141666666666666,0.3082142857142857,0.761875,lda1,10,9.173182086587074,15.440204959106689,0.07803244302673851,30.804220071049446,1.8390380762044488e-4,4,5,Permuted,127
0.5735009556986891,0.7924305555555555,0.5248082837301588,0.706,0.39500119807728507,0.6659436549488905,0.6391666666666667,0.7566666666666667,0.697053872053872,0.7459166666666667,0.697053872053872,0.6391666666666667,0.2779047619047619,0.6979166666666666,lda1,10,9.298849738048725,12.510229867525211,0.07558311953121064,24.948129248775782,0.004844717881814748,4,6,Permuted,128
0.5151440123916513,0.829861111111111,0.5360183531746032,0.7452857142857143,0.47312456094630007,0.7166793990323402,0.6758333333333333,0.8016666666666666,0.7546875,0.7850714285714285,0.7546875,0.6758333333333333,0.2922619047619048,0.73875,lda1,10,10.22311002732948,11.50926374136637,0.07290130104543892,22.97106990039611,0.004844717881814748,4,6,Permuted,129
0.5614124029982577,0.8320833333333333,0.550202876984127,0.7392857142857143,0.45858393201001896,0.7080389144905274,0.6533333333333333,0.8045833333333333,0.7637152777777778,0.7743359655419957,0.7637152777777778,0.6533333333333333,0.28376190476190477,0.7289583333333333,lda1,10,10.546153684513282,16.397836150270088,0.088599447434530465,32.7092909833354,1.8390380762044488e-4,4,5,Permuted,130
0.6077504936424435,0.8021527777777777,0.5258551587301588,0.6966190476190476,0.3537704882074447,0.6310476190476191,0.49916666666666665,0.84875,0.7637362637362637,0.7006785714285714,0.7637362637362637,0.49916666666666665,0.21666666666666665,0.6739583333333333,lda1,10,7.999931197522077,17.28037654199544,0.07456946134363596,34.46736888749886,0.00976441249959998,4,6,Permuted,131
0.6047049849960467,0.7424999999999999,0.49823115079365077,0.6598809523809523,0.29770408118451597,0.6366858237547893,0.5558333333333333,0.7454166666666666,0.633160621761658,0.7113809523809523,0.633160621761658,0.5558333333333333,0.23959523809523808,0.650625,lda1,10,7.352465249584665,13.195960739788084,0.06897646369256569,26.316237673307967,0.004844717881814748,4,5,Permuted,132
0.5902856924486073,0.7697916666666667,0.5135240575396826,0.6974761904761905,0.3777176910046475,0.6716859716859717,0.6325,0.7479166666666667,0.689119170984456,0.74525,0.689119170984456,0.6325,0.27599999999999997,0.6902083333333333,lda1,10,7.654964837195854,15.086753460640928,0.07832930138885291,30.10113303500609,0.03315443868702788,4,6,Permuted,133
0.5970544905990874,0.7750694444444445,0.5188854166666667,0.7041428571428572,0.3853724577355012,0.6642195767195768,0.5916666666666667,0.7966666666666666,0.7222816399286988,0.744547619047619,0.7222816399286988,0.5916666666666667,0.25552380952380954,0.6941666666666666,lda1,10,7.327067323150194,10.704384021888007,0.06957053267888243,21.694328448515364,0.00976441249959998,3,4,Permuted,134
0.5890748701556648,0.7630555555555555,0.5116267361111111,0.7115952380952381,0.41602929711190584,0.6876753170403964,0.6733333333333333,0.7474999999999999,0.7073504273504273,0.7705714285714286,0.7073504273504273,0.6733333333333333,0.28973809523809524,0.7104166666666666,lda1,10,7.003037323743617,9.195112648948808,0.06005947736865419,18.349318457482443,0.015808651658253698,4,6,Permuted,135
0.5995835955554196,0.7422222222222222,0.49390029761904763,0.6583095238095238,0.2994722044461175,0.6257544043258328,0.5741666666666666,0.7266666666666667,0.64453125,0.7004666188083273,0.64453125,0.5741666666666666,0.24807142857142855,0.6504166666666666,lda1,10,6.237415675327728,13.720070993088697,0.06837196517737326,27.355221165209272,0.00976441249959998,4,5,Permuted,136
0.583560640367087,0.78,0.5191641865079365,0.7294285714285714,0.4488885293450511,0.6968501984126985,0.6733333333333333,0.7795833333333333,0.7318104906937394,0.7735,0.7318104906937394,0.6733333333333333,0.2905,0.7264583333333333,lda1,10,8.172603121453744,19.09203233628601,0.08063829780562866,38.090827035186166,1.8390380762044488e-4,4,8,Permuted,137
0.5223297318803413,0.8179166666666666,0.5296480654761905,0.7371666666666666,0.4614734130603696,0.7014850270004909,0.6908333333333333,0.77125,0.7295454545454545,0.7873809523809524,0.7295454545454545,0.6908333333333333,0.3022142857142857,0.7310416666666666,lda1,10,7.213665452302935,16.05566085552555,0.07099914698379904,32.04340689382017,0.00976441249959998,4,6,Permuted,138
0.6225297134464973,0.7466666666666667,0.5044940476190476,0.7099523809523809,0.4068873993156602,0.6811699948796723,0.635,0.7741666666666667,0.7135042735042735,0.7499401770758555,0.7135042735042735,0.635,0.27345238095238095,0.7045833333333333,lda1,10,5.6905840409803305,9.964305890635076,0.05489089647816738,19.876844840084665,0.03315443868702788,4,5,Permuted,139
0.4807091048409913,0.8593055555555555,0.5502745535714286,0.7469761904761905,0.46954383370252933,0.7150491718426502,0.6491666666666667,0.8216666666666667,0.7845744680851063,0.7783560660445082,0.7845744680851063,0.6491666666666667,0.28264285714285714,0.7354166666666666,lda1,10,12.514780409153024,19.01030767605849,0.09527738615970487,37.920569555874955,0.015808651658253698,4,6,Permuted,140
0.677860886592978,0.7103472222222222,0.49046875,0.6652142857142858,0.2955465043008521,0.6226214238190286,0.48333333333333334,0.8083333333333333,0.7042572463768115,0.6735476190476191,0.7042572463768116,0.48333333333333334,0.20916666666666667,0.6458333333333333,lda1,10,5.741997492213108,18.71629559530815,0.06536021632779403,37.304391408882076,1.8390380762044488e-4,4,5,Permuted,141
0.6284831348062617,0.72625,0.4969548611111111,0.6609047619047619,0.29771268586485977,0.6524789915966387,0.5558333333333333,0.74125,0.6441489361702127,0.7012738095238095,0.6441489361702127,0.5558333333333333,0.2433095238095238,0.6485416666666667,lda1,10,7.652969574037272,15.24450628136086,0.07821069656009859,30.39010686403505,0.0018089718571166705,4,5,Permuted,142
0.6208573512719006,0.7030902777777778,0.47259126984126987,0.614,0.2033653648284083,0.5856009070294784,0.48333333333333334,0.71875,0.6086879432624114,0.6514047619047619,0.6086879432624114,0.48333333333333334,0.21045238095238095,0.6010416666666666,lda1,10,5.64040555182407,7.905528209512838,0.053568929642337434,15.764675903294028,1.8390380762044488e-4,4,5,Permuted,143
0.5916043562091744,0.7511111111111111,0.5060446428571429,0.6780238095238095,0.34061954494780583,0.672010582010582,0.6391666666666667,0.705,0.6508635578583765,0.7449238578680203,0.6508635578583765,0.6391666666666667,0.27914285714285714,0.6720833333333333,lda1,10,7.5107690591633895,17.272462943747037,0.07697356229652723,34.453935067861366,0.0018089718571166705,4,7,Permuted,144
0.5439764456257167,0.8302083333333333,0.5561820436507937,0.7925,0.5635014796797405,0.7608202443280977,0.7133333333333334,0.8479166666666667,0.8153846153846154,0.8182579564489112,0.8153846153846154,0.7133333333333334,0.3122857142857143,0.780625,lda1,10,14.16562127930783,21.628432660768613,0.11185326366226771,43.12965341159343,0.024160791866789343,4,5,Permuted,145
0.4337279196305629,0.8771527777777778,0.571641121031746,0.7859047619047619,0.568168201122549,0.7641774891774892,0.7966666666666666,0.7770833333333333,0.7679229480737019,0.848073701842546,0.7679229480737019,0.7966666666666666,0.34595238095238096,0.786875,lda1,10,12.694509773618117,14.690535995091896,0.09732084314244502,29.312937150291816,1.8390380762044488e-4,4,5,Permuted,146
0.5481758281704858,0.8004166666666667,0.5276031746031746,0.6974523809523809,0.3554665269513096,0.6598089535215284,0.5091666666666667,0.8416666666666667,0.7382407407407408,0.7100952380952381,0.7382407407407408,0.5091666666666667,0.22123809523809523,0.6754166666666667,lda1,10,9.665465108090409,11.167275065365493,0.07858138670161444,22.274176959329832,0.00976441249959998,4,5,Permuted,147
0.5720459220798393,0.7733333333333333,0.5103343253968254,0.7171904761904762,0.4262459721437982,0.6886324786324787,0.6933333333333334,0.7391666666666666,0.7033333333333334,0.7707705192629816,0.7033333333333334,0.6933333333333334,0.29888095238095236,0.7162499999999999,lda1,10,7.913143453561053,13.148640526541055,0.07352578243887772,26.240181695093174,0.0018089718571166705,4,5,Permuted,148
0.576201391425921,0.7829166666666666,0.5101443452380953,0.6984523809523809,0.3742540710497232,0.6617117117117117,0.6025,0.76875,0.7093368237347295,0.7315714285714285,0.7093368237347295,0.6025,0.26416666666666666,0.6856249999999999,lda1,10,11.005072567065648,20.150943776585212,0.09939327896442039,40.16201271536962,0.07311282655686299,4,5,Permuted,149
0.6057850171555937,0.767361111111111,0.5226386408730159,0.7277142857142858,0.4479529522007783,0.697344951726395,0.7025,0.7491666666666666,0.7147403685092127,0.7912060301507537,0.7147403685092127,0.7025,0.30497619047619046,0.7258333333333333,lda1,10,8.98313894013659,19.615459575620186,0.07795301078780452,39.14259108243465,0.004844717881814748,4,5,Permuted,150
0.6432622539962687,0.7179166666666666,0.4850438988095238,0.6791666666666667,0.3238305588131675,0.636890589569161,0.5025,0.8179166666666666,0.7204007285974499,0.700595238095238,0.7204007285974499,0.5025,0.21864285714285714,0.6602083333333333,lda1,10,6.4795894164515255,10.50997958133546,0.062187603991352244,20.959984402781707,0.00976441249959998,4,5,Permuted,151
0.5645826799692618,0.8077083333333334,0.5361396329365079,0.7347619047619047,0.45391681337985684,0.7042982456140351,0.6791666666666667,0.7775,0.7360544217687075,0.7754404761904762,0.7360544217687075,0.6791666666666667,0.29495238095238097,0.7283333333333333,lda1,10,8.893949859499587,28.431970695600835,0.0977716469651074,56.72799393362998,1.8390380762044488e-4,4,5,Permuted,152
0.5909029624432179,0.7705555555555555,0.5016654265873016,0.6705714285714286,0.3343552633356981,0.6610229276895944,0.6849999999999999,0.65875,0.6373942470389171,0.7595833333333333,0.6373942470389171,0.6849999999999999,0.2987142857142857,0.671875,lda1,10,7.6679439905036375,11.846440016468696,0.07343625300696012,23.62356056886403,0.0018089718571166705,4,5,Permuted,153
0.5650973723004145,0.7892361111111111,0.5168492063492064,0.701952380952381,0.3904319728580598,0.6683583959899749,0.6541666666666667,0.7391666666666666,0.68917089678511,0.7625029911462072,0.68917089678511,0.6541666666666667,0.2839047619047619,0.6966666666666667,lda1,10,10.036572335371764,13.90233686951421,0.0805840017218062,27.706484378104953,1.8390380762044488e-4,4,6,Permuted,154
0.5934584222129131,0.7773611111111111,0.517093005952381,0.7316190476190476,0.43532834870443565,0.6905677655677656,0.5925,0.83875,0.7689236111111111,0.7494642857142857,0.7689236111111111,0.5925,0.2588333333333333,0.715625,lda1,10,9.098240579961804,10.677495857798213,0.06970061806453742,21.305763058778684,0.04518418292786788,4,6,Permuted,155
0.604329303901802,0.7452083333333334,0.5003782242063493,0.710452380952381,0.392502685720077,0.6711625432295824,0.5725,0.8179166666666666,0.7312169312169312,0.7300357142857142,0.7312169312169312,0.5725,0.24745238095238095,0.6952083333333333,lda1,10,7.929482996726387,15.264447624176528,0.07220931869153041,30.433923999243444,1.8390380762044488e-4,4,5,Permuted,156
0.586144682694085,0.7465277777777778,0.5068735119047619,0.6697142857142857,0.30803000381261253,0.6476603358106249,0.5525,0.7529166666666667,0.6692869740488788,0.700640560792845,0.6692869740488788,0.5525,0.24323809523809523,0.6527083333333333,lda1,10,6.8723898739417875,21.576519025686455,0.08184953368291217,43.021036012773536,1.8390380762044488e-4,4,6,Permuted,157
0.623194342430293,0.7313888888888889,0.49211582341269844,0.6927857142857142,0.3654044590675026,0.6660746460746461,0.6266666666666667,0.7433333333333333,0.678656462585034,0.7420238095238095,0.678656462585034,0.6266666666666667,0.27276190476190476,0.6849999999999999,lda1,10,8.118818231266411,10.34170061097207,0.06588838284417467,20.621117609292355,0.00976441249959998,4,6,Permuted,158
0.6494754970508481,0.7314583333333333,0.49659300595238093,0.7185,0.42045153879936487,0.6753258145363409,0.6391666666666667,0.7829166666666667,0.7245748299319728,0.7609404761904762,0.7245748299319728,0.6391666666666667,0.27785714285714286,0.7110416666666667,lda1,10,9.946678381397444,17.767034051168334,0.09997327461231327,35.40919461217765,0.04518418292786788,4,5,Permuted,159
0.632223164956538,0.6884027777777778,0.4774734623015873,0.6471904761904762,0.261627079924906,0.6193524970963995,0.49,0.7695833333333333,0.6459927140255008,0.6789404761904761,0.645992714025501,0.49,0.21323809523809523,0.6297916666666666,lda1,10,6.573943161909791,10.36453351383979,0.05973757582721216,20.67079754462308,0.015808651658253698,4,5,Permuted,160
0.510437530147225,0.8452777777777778,0.5486160714285714,0.7589523809523809,0.5140199566134349,0.7414965986394558,0.77,0.7520833333333333,0.7390284757118928,0.8309882747068676,0.7390284757118928,0.77,0.3347380952380952,0.7610416666666666,lda1,10,12.785713580559825,15.065213007132797,0.10215973592056898,30.032416506309378,1.8390380762044488e-4,4,6,Permuted,161
0.5978749167012957,0.8234027777777778,0.5514950396825397,0.7660238095238096,0.517042975864715,0.7410526315789474,0.7225,0.8008333333333333,0.768974358974359,0.8204404761904762,0.768974358974359,0.7225,0.3142857142857143,0.7616666666666666,lda1,10,9.872880446528624,15.41365678659115,0.08242181404519396,30.766014575241698,1.8390380762044488e-4,4,6,Permuted,162
0.5757336507852296,0.7901388888888888,0.5234947916666667,0.7264047619047619,0.43298998923781534,0.6893241167434716,0.6291666666666667,0.8029166666666666,0.7454231433506044,0.7602142857142857,0.7454231433506044,0.6291666666666667,0.27345238095238095,0.7160416666666667,lda1,10,9.790300765545217,16.95981457906398,0.08173705665155723,33.833742737127736,0.0018089718571166705,4,6,Permuted,163
0.47497411551224494,0.8515277777777778,0.5524578373015873,0.7560714285714286,0.48998020313020313,0.7252146760343482,0.6366666666666666,0.8491666666666666,0.7949652777777778,0.7767738095238095,0.7949652777777778,0.6366666666666666,0.2759285714285714,0.7429166666666667,lda1,10,12.826392196011257,16.62887607013507,0.10320303510027506,33.168650128707114,0.015808651658253698,4,5,Permuted,164
0.5523324767729778,0.8051388888888888,0.5255672123015873,0.7084047619047619,0.39879576800011585,0.6690085870413739,0.6025,0.795,0.7333333333333333,0.7440476190476191,0.7333333333333333,0.6025,0.2606428571428571,0.69875,lda1,10,8.208706401727266,20.555885566874878,0.08864394130385171,40.99219360343034,0.0018089718571166705,4,5,Permuted,165
0.5458009738611259,0.7875694444444444,0.5218010912698413,0.7423095238095239,0.45783040654997176,0.694015444015444,0.6016666666666667,0.8516666666666667,0.7858638743455497,0.7522619047619047,0.7858638743455497,0.6016666666666667,0.26095238095238094,0.7266666666666667,lda1,10,12.405131773893896,20.817497150211057,0.10504815404715809,41.49989365713142,0.00976441249959998,4,5,Permuted,166
0.5686766988809523,0.8070833333333333,0.5415944940476191,0.7362142857142857,0.45844362883493317,0.7103508771929824,0.6975,0.7666666666666666,0.7141414141414141,0.79275,0.7141414141414141,0.6975,0.30326190476190473,0.7320833333333333,lda1,10,12.7429189721844,22.887704968676072,0.09880592090737209,45.629078384796955,0.03315443868702788,4,5,Permuted,167
0.6032189855043846,0.7834722222222222,0.520047123015873,0.6829761904761905,0.3409267206223728,0.6459052851909994,0.58,0.76,0.6891493055555555,0.7196666666666667,0.6891493055555555,0.58,0.25142857142857145,0.6699999999999999,lda1,10,6.401702117861014,10.27478346939305,0.06534523427462081,24.176470693801548,0.0018089718571166705,3,4,Permuted,168
0.6110895689837089,0.760625,0.5010689484126984,0.6941666666666667,0.3714234244016853,0.6673505572441742,0.6516666666666666,0.72375,0.6800518134715026,0.7498571428571429,0.6800518134715026,0.6516666666666666,0.2849047619047619,0.6877083333333333,lda1,10,9.668459100506686,18.75962357528899,0.08808027546601407,37.40018873817231,0.03315443868702788,4,6,Permuted,169
0.49211215921767454,0.8680902777777778,0.567248759920635,0.7950952380952381,0.579098898203246,0.7567700817700818,0.7433333333333333,0.8345833333333333,0.8073701842546064,0.8274166666666667,0.8073701842546064,0.7433333333333333,0.3234761904761905,0.7889583333333333,lda1,10,11.164260208367537,11.446633655701484,0.08265664133214207,22.83287137602319,0.004844717881814748,4,6,Permuted,170
0.5311750930735163,0.8388194444444445,0.551624751984127,0.7731190476190476,0.5378081358255271,0.7459376534118802,0.7491666666666666,0.7958333333333333,0.7691452991452992,0.8282380952380952,0.7691452991452992,0.7491666666666666,0.32504761904761903,0.7725,lda1,10,10.53217373672114,14.567145562525495,0.08342776015289484,29.07355576707843,0.024160791866789343,4,6,Permuted,171
0.5347556808688363,0.8267361111111111,0.5334404761904762,0.6887380952380953,0.36061352560482995,0.6586070791953145,0.635,0.7279166666666667,0.6597435897435897,0.7489166666666667,0.6597435897435897,0.635,0.2778095238095238,0.6814583333333333,lda1,10,10.72137859932395,13.289367241403683,0.07983456423125553,26.514225005554458,0.0018089718571166705,4,6,Permuted,172
0.5956060627130775,0.7424652777777777,0.5034516369047619,0.7399523809523809,0.4510883334057247,0.7008645916467146,0.5833333333333334,0.8641666666666666,0.7908771929824562,0.7507142857142857,0.7908771929824562,0.5833333333333334,0.2531428571428571,0.72375,lda1,10,8.637166274309676,12.764061987020355,0.0766150161750369,25.441954056690058,0.0018089718571166705,4,5,Permuted,173
0.5886337868833204,0.7696527777777777,0.5127740575396825,0.7387380952380952,0.45508667612580656,0.7048654244306418,0.6383333333333333,0.8158333333333333,0.7732804232804232,0.7729642857142857,0.7732804232804232,0.6383333333333333,0.27849999999999997,0.7270833333333333,lda1,10,6.545695203801343,10.704521516765247,0.060074860540476976,21.345982612330687,0.0018089718571166705,4,6,Permuted,174
0.502915196179625,0.8458333333333333,0.5538258928571429,0.7596904761904761,0.49898129141390013,0.7206641604010025,0.6733333333333333,0.8254166666666667,0.7830742659758204,0.7866666666666666,0.7830742659758204,0.6733333333333333,0.29323809523809524,0.749375,lda1,10,11.292110157383764,16.69554253097505,0.09280088610171006,33.306983997880565,0.057025995203308484,4,5,Permuted,175
0.5241543393454426,0.8184027777777778,0.53771875,0.741452380952381,0.4833381164728991,0.7301263362487852,0.7908333333333333,0.7058333333333333,0.7039961713328547,0.8461279461279461,0.7039961713328547,0.7908333333333333,0.34326190476190477,0.7483333333333333,lda1,10,12.834681139553542,22.93658518872853,0.11488848063098295,45.18406558086599,0.07311282655686299,3,4,Permuted,176
0.6188836497467982,0.7286805555555556,0.49608779761904764,0.7275,0.43088340210514126,0.6888016745159602,0.5991666666666666,0.82875,0.7605034722222223,0.7477380952380952,0.7605034722222223,0.5991666666666666,0.2589285714285714,0.7139583333333333,lda1,10,10.003559033866708,14.730137599188936,0.08267207916586948,29.369845698886326,1.8390380762044488e-4,4,5,Permuted,177
0.5440907439982157,0.8045138888888889,0.5289151785714286,0.6787857142857143,0.35392195558065126,0.6639928698752228,0.6733333333333333,0.6879166666666666,0.6644329896907216,0.7650753768844221,0.6644329896907216,0.6733333333333333,0.29173809523809524,0.6806249999999999,lda1,10,11.14924513038604,16.136022140097754,0.09207909344860428,32.17577556765493,0.0018089718571166705,4,5,Permuted,178
0.5594520454567056,0.8147222222222222,0.5436783234126984,0.7850952380952381,0.5470164683142944,0.7456015037593985,0.6816666666666666,0.8616666666666667,0.8231958762886598,0.7986599664991625,0.8231958762886598,0.6816666666666666,0.2978571428571428,0.7716666666666666,lda1,10,11.078747213993736,17.603799301215656,0.0893019878274274,35.11025594428614,1.8390380762044488e-4,4,5,Permuted,179
0.6064544527238148,0.7858333333333333,0.5264737103174604,0.7205714285714285,0.41596189969450836,0.6819258089976322,0.5858333333333333,0.8279166666666666,0.7579861111111111,0.741797619047619,0.7579861111111111,0.5858333333333333,0.25376190476190474,0.7068749999999999,lda1,10,8.819300815410491,13.135950218126034,0.07393487766131955,26.20892010983689,0.015808651658253698,4,6,Permuted,180
0.5661689813680288,0.7598611111111111,0.5036299603174603,0.6628809523809523,0.30403272307402746,0.632388933226922,0.5575,0.7445833333333334,0.6748704663212435,0.6982142857142857,0.6748704663212435,0.5575,0.24397619047619046,0.6510416666666666,lda1,10,7.7557012463545805,9.592894570268657,0.0665566335019218,19.1295701508466,0.0018089718571166705,4,5,Permuted,181
0.5271062755003982,0.8254166666666667,0.539093998015873,0.7422857142857143,0.4784167436428306,0.7226190476190476,0.7391666666666666,0.7474999999999999,0.7337404391808536,0.8171931083991385,0.7337404391808536,0.7391666666666666,0.31957142857142856,0.7433333333333333,lda1,10,8.055711414401813,18.474808215420424,0.07680381564119576,36.871637560761656,0.004844717881814748,4,5,Permuted,182
0.5844438490731431,0.76125,0.5113472222222222,0.7063095238095238,0.4128374515178863,0.6935171261487051,0.7066666666666667,0.71375,0.6903061224489796,0.7838383838383838,0.6903061224489796,0.7066666666666667,0.30557142857142855,0.7102083333333333,lda1,10,8.46623962267614,13.9283199219468,0.0770096492475401,27.768961335678764,0.024160791866789343,4,7,Permuted,183
0.554094464061947,0.8383333333333333,0.5542470238095238,0.7851428571428571,0.5571916631677502,0.7672247023809524,0.7491666666666666,0.8104166666666667,0.7888324873096446,0.8256904761904762,0.7888324873096446,0.7491666666666666,0.3263809523809524,0.7797916666666667,lda1,10,11.78072465626019,11.72961489750371,0.08688871013609453,23.394313552316866,0.0018089718571166705,4,7,Permuted,184
0.5759820053288709,0.8010416666666667,0.5254129464285714,0.7226904761904762,0.43766206675771896,0.6965649165649166,0.7008333333333333,0.7383333333333333,0.7214405360134003,0.7711892797319932,0.7214405360134003,0.7008333333333333,0.30483333333333335,0.7195833333333334,lda1,10,8.433617859263425,10.453749853871445,0.07086411500784676,20.856904298700673,0.015808651658253698,4,5,Permuted,185
0.5841534175067908,0.7715972222222222,0.5122661210317461,0.6932619047619047,0.3627375636440854,0.665978835978836,0.595,0.7675,0.6870274914089347,0.7305096913137114,0.6870274914089347,0.595,0.2612857142857143,0.68125,lda1,10,9.380991016916827,14.021979571310942,0.08423687123698344,27.95660136273268,0.004844717881814748,4,5,Permuted,186
0.6303518163874782,0.7152083333333333,0.4813273809523809,0.6483809523809524,0.26908978919631094,0.6087255711533168,0.5141666666666667,0.75375,0.657437275985663,0.6818809523809524,0.657437275985663,0.5141666666666667,0.22197619047619047,0.6339583333333333,lda1,10,6.827447891271688,11.732650588990559,0.061598373803062725,23.383285086513524,1.8390380762044488e-4,4,5,Permuted,187
0.5857245067604383,0.7600694444444445,0.4997847222222222,0.6560952380952381,0.2992687148600192,0.627855841790268,0.5925,0.71,0.6414480077745384,0.7160986221899928,0.6414480077745384,0.5925,0.2555952380952381,0.65125,lda1,10,10.26282572414007,11.771648938951147,0.08556214343711593,23.46404626912134,0.0018089718571166705,4,6,Permuted,188
0.4609445699475633,0.8763888888888889,0.5770657242063492,0.8105238095238095,0.6055873848373848,0.7792709867452136,0.7474999999999999,0.8570833333333333,0.8426020408163265,0.8372499999999999,0.8426020408163265,0.7474999999999999,0.3251904761904762,0.8022916666666666,lda1,10,10.467922715822208,22.17893294686532,0.08953325203874138,44.23171940179725,0.004844717881814748,4,5,Permuted,189
0.5861765698816049,0.7590277777777777,0.5032140376984127,0.7096666666666667,0.3958743879309097,0.675427519073928,0.5883333333333333,0.8079166666666666,0.7236614853195164,0.731797619047619,0.7236614853195164,0.5883333333333333,0.25335714285714284,0.698125,lda1,10,8.37109015074811,14.351618284509973,0.08137472250413856,28.60762115001609,0.004844717881814748,4,5,Permuted,190
0.5609717042883582,0.7678819444444445,0.511812003968254,0.7448333333333333,0.45796725593247334,0.6947619047619048,0.5683333333333334,0.8825,0.8054078014184397,0.7431190476190476,0.8054078014184397,0.5683333333333334,0.24623809523809523,0.7254166666666666,lda1,10,10.371208009263007,12.837734178363311,0.08476344267852119,25.597618036698726,0.024160791866789343,4,5,Permuted,191
0.47688810675498583,0.8626736111111111,0.5482276785714286,0.7455,0.46901914534740624,0.7050221181368722,0.6325,0.83625,0.8115942028985507,0.7786551806652309,0.8115942028985507,0.6325,0.27416666666666667,0.734375,lda1,10,10.393146969712124,13.051642046497916,0.09502924395342266,27.409213736010422,0.0018089718571166705,3,4,Permuted,192
0.6549637659334155,0.7428472222222222,0.5089967757936508,0.7035238095238096,0.3921294893512285,0.6761278195488721,0.6591666666666667,0.7358333333333333,0.7027072758037225,0.7540679588418282,0.7027072758037225,0.6591666666666667,0.28733333333333333,0.6975,lda1,10,9.523737881671435,21.741381694416102,0.10492886884524616,43.32302422118198,0.024160791866789343,4,5,Permuted,193
0.6280957682076813,0.7182638888888889,0.4822993551587302,0.6829047619047619,0.3437038567712481,0.6663723916532905,0.5916666666666667,0.7516666666666667,0.679553264604811,0.727547619047619,0.679553264604811,0.5916666666666667,0.2590238095238095,0.6716666666666666,lda1,10,7.794907407689591,13.354865342062983,0.07199513910503576,26.61491822916765,0.015808651658253698,4,5,Permuted,194
0.6398329387376,0.7143055555555555,0.488109871031746,0.7177142857142857,0.4031596845183802,0.6596143892339544,0.5675,0.83375,0.7550086355785838,0.7341309523809524,0.7550086355785838,0.5675,0.2472142857142857,0.7006249999999999,lda1,10,7.589481800572866,7.715177018172315,0.06681382367023107,14.288334097919249,1.8390380762044488e-4,3,4,Permuted,195
0.498036936542646,0.869375,0.5672750496031747,0.8138095238095238,0.6080658609506435,0.7669243986254296,0.7025,0.9,0.8738945578231292,0.8176071428571429,0.8738945578231292,0.7025,0.3051190476190476,0.80125,lda1,10,11.490029240615359,13.12530254640661,0.08188474425071818,26.174525129347565,0.015808651658253698,4,6,Permuted,196
0.5439305082062036,0.8224305555555556,0.5423745039682539,0.7451666666666666,0.48035436133914394,0.7112632617813965,0.6941666666666666,0.7870833333333334,0.7717353951890035,0.7880714285714285,0.7717353951890035,0.6941666666666666,0.29978571428571427,0.740625,lda1,10,12.513741991796971,19.677710247919116,0.09543608004267527,39.23505236669159,0.0018089718571166705,4,6,Permuted,197
0.5248761414705453,0.8410416666666667,0.5522006448412698,0.7626666666666667,0.5123505784071002,0.726935286935287,0.7166666666666667,0.7970833333333334,0.777125850340136,0.8056637806637806,0.777125850340136,0.7166666666666667,0.31202380952380954,0.756875,lda1,10,10.814982219420592,17.63127003402406,0.09725359241169106,35.16783283694401,0.015808651658253698,4,6,Permuted,198
0.6173875521073063,0.7529861111111111,0.5087194940476191,0.6623095238095238,0.30450629732586254,0.6326455026455027,0.5858333333333333,0.72125,0.6537178507766743,0.7166905958363244,0.6537178507766743,0.5858333333333333,0.25511904761904763,0.6535416666666666,lda1,10,10.383563316407251,19.957586243168805,0.08958157542253971,39.790660544711244,1.8390380762044488e-4,4,5,Permuted,199
0.579556136132801,0.7874305555555555,0.5201887400793651,0.7035,0.39232373761504197,0.6646311374290649,0.6608333333333333,0.7345833333333334,0.695578231292517,0.7617499999999999,0.695578231292517,0.6608333333333333,0.2874047619047619,0.6977083333333333,lda1,10,11.042942295785846,18.73185275596095,0.10253233290626418,37.34414791899774,1.8390380762044488e-4,4,6,Permuted,200
