TrainlogLoss,TrainAUC,TrainprAUC,TrainAccuracy,TrainKappa,TrainMean_F1,TrainMean_Sensitivity,TrainMean_Specificity,TrainMean_Pos_Pred_Value,TrainMean_Neg_Pred_Value,TrainMean_Precision,TrainMean_Recall,TrainMean_Detection_Rate,TrainMean_Balanced_Accuracy,method,feats,estat,raw_estat,norm_esat,rawE,ami,numRatios,numParts,labels,seed
1.2299943484583788,0.6730277777777778,0.3100988756613757,0.5211547619047618,0.2700671992589272,0.6585273368606702,0.5125,0.7567777777777778,0.5673317683881064,0.7728084868788386,0.5673317683881064,0.5125,0.17371825396825397,0.6346388888888889,lda1,20,8.715595609732574,25.927509719977547,0.1420939084417711,76.39256326259155,0.010625723127885886,9,10,Permuted,1
1.0584851267050126,0.7832361111111111,0.35136805555555556,0.6327738095238096,0.44507361843128823,0.749791829300026,0.6355555555555555,0.81625,0.7001061571125266,0.8313690476190476,0.7001061571125266,0.6355555555555555,0.21092460317460318,0.7259027777777778,lda1,20,10.46071860794084,24.010296033972928,0.1506095780617842,71.55771462462215,0.03639430816542066,9,12,Permuted,2
1.0823965458432228,0.7478611111111111,0.3182414021164021,0.5748690476190476,0.35746110133592857,0.6883177570093458,0.5797222222222222,0.7854722222222222,0.6257607926397735,0.7996150793650794,0.6257607926397736,0.5797222222222222,0.19162301587301586,0.6825972222222222,lda1,20,10.524155497153362,34.7146425788742,0.16720844046416722,105.36981793626319,0.014564461911886307,9,10,Permuted,3
1.091330894833967,0.7322268518518519,0.31237037037037035,0.5695833333333333,0.3403720755205146,0.6891369047619047,0.5702777777777778,0.7781944444444444,0.6533991228070175,0.7921312913775226,0.6533991228070175,0.5702777777777778,0.1898611111111111,0.6742361111111111,lda1,20,8.6515648048516,24.45196644463831,0.13129493257607783,73.97340342512268,0.03839489776375899,9,11,Permuted,4
1.0075657620079157,0.7878333333333333,0.3423012566137566,0.5879047619047619,0.3750361841879155,0.6876299945265463,0.5975,0.7895,0.6582236842105263,0.8071787508973438,0.6582236842105263,0.5975,0.19596825396825396,0.6935,lda1,20,10.240597115832271,27.364466424226666,0.15580359083020653,82.93489504130429,0.029097688772290277,9,11,Permuted,5
0.9072860831843129,0.8105740740740741,0.3600033068783069,0.6051428571428571,0.3976238604999684,0.7226908541194256,0.5930555555555556,0.8020555555555555,0.6636838180462341,0.819562096195262,0.6636838180462341,0.5930555555555556,0.2017142857142857,0.6975555555555556,lda1,20,10.91249835615447,19.883345134642976,0.14805082074284312,58.69355118995401,0.06185475310264801,9,11,Permuted,6
1.1218858311228408,0.7060138888888889,0.3231954365079365,0.4970952380952381,0.23352556497952526,0.641260043111895,0.4994444444444444,0.7430277777777777,0.5448778565799842,0.7540679588418282,0.5448778565799842,0.4994444444444444,0.16569841269841268,0.6212361111111111,lda1,20,9.490502881784382,28.747107467049112,0.1476520911087878,92.54054178203552,0.0156871311414945,8,11,Permuted,7
0.9195575949931211,0.8081898148148148,0.35134126984126984,0.58325,0.3718270609805268,0.6977465986394558,0.5880555555555556,0.7908611111111111,0.6363888888888889,0.806797619047619,0.6363888888888889,0.5880555555555556,0.19441666666666665,0.6894583333333333,lda1,20,13.009216835223983,31.65479150671308,0.18200384816472764,95.47102692066808,0.040275336217668316,9,10,Permuted,8
0.9950804951308003,0.7318148148148148,0.3298369708994709,0.49270238095238095,0.23112774655234936,0.6387149380300066,0.48833333333333334,0.7447777777777778,0.5170524691358025,0.7572266092366595,0.5170524691358025,0.48833333333333334,0.16423412698412698,0.6165555555555555,lda1,20,9.725492425676862,24.45799625044011,0.15418972609604942,71.84987758899554,0.06286295169550299,9,11,Permuted,9
1.064448096200691,0.7801759259259259,0.34973511904761906,0.632,0.4363444271233857,0.7460775335775336,0.6219444444444444,0.8125,0.6968479117415287,0.8349366682700016,0.6968479117415287,0.6219444444444444,0.21066666666666667,0.7172222222222222,lda1,20,12.085960406186027,35.37403404458186,0.17943833897750097,104.80538741445628,0.05281196433062346,9,11,Permuted,10
0.9623976756617248,0.763912037037037,0.33592724867724866,0.5314761904761904,0.2909651863437758,0.6771524771524772,0.5397222222222222,0.7623611111111112,0.5853200883002208,0.7795383127870438,0.5853200883002208,0.5397222222222222,0.17715873015873015,0.6510416666666666,lda1,20,10.57348210428475,27.195725113504775,0.15320320887670408,82.46425179436804,0.0056518011481952405,9,12,Permuted,11
1.041856144864266,0.7573009259259259,0.33040476190476187,0.51425,0.26292968230542874,0.6448497129348193,0.5125,0.7538333333333334,0.5514154281670205,0.767256919518226,0.5514154281670205,0.5125,0.17141666666666666,0.6331666666666667,lda1,20,8.572128662329002,23.28922294225158,0.1309902780855189,70.22456771559547,0.02921783991671969,9,13,Permuted,12
1.0000663391683995,0.7776296296296297,0.3491471560846561,0.5944285714285714,0.38900367652490464,0.7004251700680272,0.5994444444444444,0.7966944444444445,0.6516737891737892,0.8135722302388969,0.6516737891737892,0.5994444444444444,0.19814285714285715,0.6980694444444444,lda1,20,14.021788355009775,33.74903944076051,0.1910568991725684,102.13781432268811,0.052413298172260064,9,12,Permuted,13
1.2119165457364414,0.7276944444444444,0.3294203042328042,0.6010357142857142,0.3952628173571389,0.7090348639455782,0.5936111111111111,0.8000833333333334,0.6491963661774982,0.818313492063492,0.6491963661774982,0.5936111111111111,0.20034523809523808,0.6968472222222222,lda1,20,10.137819079729066,32.69256538287636,0.15229808493796382,97.39755924859806,0.03475018114948065,9,11,Permuted,14
1.257458257746522,0.7297638888888889,0.32494775132275133,0.55825,0.33450808923615505,0.6617857142857143,0.5666666666666667,0.7779444444444444,0.60625,0.7905833333333333,0.60625,0.5666666666666667,0.18608333333333332,0.6723055555555556,lda1,20,10.88723535583659,34.031250854436536,0.18417219935477064,100.9530597233261,0.06380591917635135,9,10,Permuted,15
0.8125407442360086,0.8410231481481482,0.3685843253968254,0.6543571428571429,0.4720984537100953,0.7260037348272642,0.6522222222222223,0.8242222222222222,0.7353249475890985,0.8409126984126984,0.7353249475890985,0.6522222222222223,0.2181190476190476,0.7382222222222222,lda1,20,9.830251861985712,23.8370856879241,0.1420998939110631,71.67493231429668,0.022127168045150806,9,13,Permuted,16
0.978039562228567,0.7910787037037037,0.353916335978836,0.5875357142857143,0.3725796579739895,0.7039518900343642,0.5822222222222222,0.7911666666666667,0.6378378378378379,0.8130357142857143,0.6378378378378379,0.5822222222222222,0.1958452380952381,0.6866944444444444,lda1,20,10.83859701061737,30.45308045406356,0.15568065372041195,91.81081992422207,0.053419807108329165,9,10,Permuted,17
0.9339470952931592,0.8081018518518519,0.3530367063492063,0.6177142857142857,0.4250743654048172,0.7082687338501292,0.6241666666666666,0.8090277777777778,0.6682539682539682,0.8245238095238095,0.6682539682539682,0.6241666666666666,0.2059047619047619,0.7165972222222222,lda1,20,11.769372455453086,24.124257494968376,0.15256895293683498,72.59607774881283,0.015537793309142086,9,13,Permuted,18
1.0451481335394932,0.7375601851851852,0.3359996693121693,0.5415357142857142,0.3063314505357203,0.6805366591080877,0.54,0.7693055555555556,0.5665584415584416,0.7845856265454255,0.5665584415584416,0.54,0.18051190476190476,0.6546527777777778,lda1,20,11.704621928386304,34.01990036163161,0.16014610745103874,102.00874468400586,0.024243917937029045,9,12,Permuted,19
1.093090954854286,0.7039537037037037,0.3185820105820106,0.48979761904761904,0.22362793470335812,0.6437083045778698,0.4791666666666667,0.7424444444444445,0.5250829187396352,0.7569873175400814,0.5250829187396352,0.4791666666666667,0.163265873015873,0.6108055555555556,lda1,20,8.47880438832735,23.343949441789253,0.14246086907888,69.1785592250661,0.002157010980511516,9,11,Permuted,20
1.0737925468920568,0.7380740740740741,0.3235532407407407,0.5457619047619048,0.311930910174227,0.6578787878787878,0.5472222222222222,0.7703333333333333,0.6117440225035161,0.7853393953896467,0.6117440225035161,0.5472222222222222,0.18192063492063493,0.6587777777777778,lda1,20,11.64206266035394,30.277887700621417,0.1692491394281266,91.63735087947235,0.02365004287411732,9,10,Permuted,21
1.1827179059867994,0.7344259259259259,0.3275092592592592,0.5208690476190476,0.27482935605483316,0.6440759637188208,0.5138888888888888,0.7598055555555555,0.5869791666666666,0.7703327693175409,0.5869791666666667,0.5138888888888888,0.17362301587301587,0.6368472222222222,lda1,20,10.09497814648526,27.50965378653575,0.14744389319496537,82.23489637508757,0.0412355478670031,9,12,Permuted,22
0.8193479905924486,0.8479675925925926,0.3747853835978836,0.6641547619047619,0.49095579709101733,0.7327111111111111,0.6563888888888889,0.8336666666666667,0.7167728237791932,0.8506428571428571,0.7167728237791932,0.6563888888888889,0.22138492063492063,0.7450277777777777,lda1,20,12.092001605430745,28.640184059546847,0.1728001469289711,83.29649923459489,0.05379302810485184,9,10,Permuted,23
1.0546176301401355,0.7839444444444444,0.3554953703703704,0.6419761904761905,0.4559310410618589,0.7124236874236874,0.6375,0.8196944444444444,0.6986638537271449,0.8371825396825396,0.6986638537271449,0.6375,0.21399206349206348,0.7285972222222222,lda1,20,10.458057423953138,27.757106052298973,0.14810749538015894,82.6919351236055,0.03281313300636305,9,11,Permuted,24
1.0355363528033656,0.7554907407407407,0.33960714285714283,0.5886785714285714,0.3754689008563367,0.6845446950710109,0.5894444444444444,0.7909722222222222,0.6684190902311707,0.8080039682539683,0.6684190902311707,0.5894444444444444,0.19622619047619047,0.6902083333333333,lda1,20,10.204476076921576,28.607937961788345,0.15600827288036323,85.19816986537481,0.02954053634606289,9,12,Permuted,25
0.8612374904076604,0.8273055555555555,0.36716203703703704,0.6758809523809524,0.5069465952562185,0.7564245162785309,0.6711111111111111,0.8364444444444444,0.73562874251497,0.8523769841269841,0.73562874251497,0.6711111111111111,0.2252936507936508,0.7537777777777778,lda1,20,14.010048520997916,33.59560195094262,0.1853207498791106,100.36448710572245,0.02883160203215575,9,13,Permuted,26
1.085049488018207,0.7394027777777777,0.32698809523809524,0.5674404761904762,0.34010760370991566,0.6812666980983813,0.5611111111111111,0.7810555555555556,0.6132039573820396,0.7956468253968254,0.6132039573820396,0.5611111111111111,0.1891468253968254,0.6710833333333334,lda1,20,10.160587690949315,29.570632512228652,0.16008991309626705,88.3586034077892,0.030782768105858692,9,11,Permuted,27
1.054446878410828,0.7704675925925926,0.342896164021164,0.6070357142857142,0.40222425009775786,0.7055409931556721,0.5919444444444444,0.8033055555555556,0.6393402777777778,0.8206944444444445,0.6393402777777778,0.5919444444444444,0.20234523809523808,0.6976249999999999,lda1,20,11.52350454136211,27.254730262026506,0.16024822078112105,80.59969543604299,0.013214507281460145,9,12,Permuted,28
1.0355298241397053,0.7764305555555555,0.3443845899470899,0.5925952380952381,0.383294215657799,0.6631377551020408,0.5861111111111111,0.7964444444444444,0.6533096926713948,0.8151710935630534,0.6533096926713948,0.5861111111111111,0.19753174603174603,0.6912777777777778,lda1,20,9.787986546075118,30.62808431334776,0.15765284087578746,90.94622232502243,0.01879796169564238,9,11,Permuted,29
0.9460536753449129,0.8205972222222222,0.36121593915343914,0.6336904761904761,0.44448558986620756,0.728344671201814,0.6283333333333333,0.8168611111111111,0.6927621283255085,0.8387812076254287,0.6927621283255087,0.6283333333333333,0.2112301587301587,0.7225972222222222,lda1,20,9.914504519180703,30.45846327485355,0.1671337002635917,89.4900704227654,0.011069671744202583,9,11,Permuted,30
0.8960876473153762,0.8078194444444444,0.35339980158730155,0.6157738095238096,0.41647691636743006,0.7191126723913609,0.6175,0.80525,0.6789657582110412,0.820463428252373,0.6789657582110412,0.6175,0.2052579365079365,0.711375,lda1,20,10.98120996892392,28.088123485036327,0.15083070328231254,84.29723035822603,0.010625723127885886,9,12,Permuted,31
0.9809074060503427,0.721925925925926,0.32543584656084656,0.5100714285714285,0.263209155364362,0.6398430533261994,0.5205555555555555,0.7531666666666667,0.539760348583878,0.7700145032632343,0.539760348583878,0.5205555555555555,0.17002380952380952,0.6368611111111111,lda1,20,9.871149488239958,26.481626765967007,0.15973738620488265,82.85218680462128,0.017331846771676717,7,10,Permuted,32
1.0013029568824103,0.7794537037037037,0.3518065476190476,0.6013095238095238,0.3952022374369519,0.7045244878578212,0.5938888888888889,0.7998055555555555,0.6731601731601732,0.8152579365079365,0.6731601731601732,0.5938888888888889,0.20043650793650794,0.6968472222222222,lda1,20,8.826267396199436,24.53676387032032,0.13548836794345498,73.46456248483767,0.008597047884167822,9,11,Permuted,33
1.039746388087789,0.7875092592592593,0.34522420634920636,0.5921785714285714,0.3721531271679233,0.6779394473838918,0.5841666666666666,0.7898888888888889,0.6551221434200157,0.8111872695206028,0.6551221434200157,0.5841666666666666,0.19739285714285715,0.6870277777777778,lda1,20,11.255207687352854,22.2039055973946,0.1459634141155613,66.44364364751434,0.015537793309142086,9,13,Permuted,34
0.847803270465498,0.8319629629629629,0.3668058862433862,0.6828809523809524,0.5179892426411797,0.747135246792781,0.6911111111111111,0.8385277777777778,0.7528447121820616,0.855635319454415,0.7528447121820616,0.6911111111111111,0.22762698412698412,0.7648194444444444,lda1,20,11.866916719942108,30.255711436672755,0.18242258207734868,91.51784647697725,0.028932104954115388,9,10,Permuted,35
1.1329290002617782,0.6856527777777778,0.31324636243386245,0.49388095238095236,0.2364087758299538,0.643609022556391,0.49194444444444446,0.7451666666666666,0.502020202020202,0.7608809523809524,0.502020202020202,0.49194444444444446,0.16462698412698412,0.6185555555555555,lda1,20,9.115961210477904,28.447637578159615,0.15030171383618368,84.82741988112807,0.08903005267560939,9,11,Permuted,36
1.0253472983235912,0.7777638888888889,0.34228439153439155,0.6071190476190477,0.40051900291667974,0.7060918060918061,0.6047222222222223,0.7988888888888889,0.6729655712050078,0.8184414134162878,0.6729655712050078,0.6047222222222223,0.20237301587301587,0.7018055555555556,lda1,20,11.938012996762161,27.457154659515798,0.15888009869257977,83.34493452370158,0.03765278591103853,9,12,Permuted,37
1.0593371802860831,0.7655972222222223,0.3447767857142857,0.5981666666666666,0.3879183830724651,0.7226557907113462,0.5988888888888889,0.79475,0.6626361655773421,0.8105499438832773,0.6626361655773421,0.5988888888888889,0.1993888888888889,0.6968194444444444,lda1,20,10.391753604377021,25.808407167817435,0.14421826715268488,77.5871867673496,0.06585025179164887,9,10,Permuted,38
1.1299249991016502,0.6991481481481482,0.30843485449735447,0.4616547619047619,0.17900935096140172,0.6116541353383459,0.45916666666666667,0.7257777777777777,0.5038341158059467,0.7359640641366529,0.5038341158059468,0.45916666666666667,0.15388492063492062,0.5924722222222222,lda1,20,7.785311709633028,21.06787203301919,0.12764402221893648,62.50561804883715,0.0298554579965906,9,10,Permuted,39
1.055451735340688,0.8068240740740741,0.3571593915343915,0.6256428571428572,0.4317840252122567,0.727089072543618,0.6275,0.8108333333333333,0.6700653594771242,0.8277738095238095,0.6700653594771242,0.6275,0.20854761904761904,0.7191666666666666,lda1,20,10.338863763322363,28.236249036839272,0.16223301419048589,83.70306598111777,0.015537793309142086,9,10,Permuted,40
1.034260798076223,0.7521944444444445,0.33840046296296294,0.530047619047619,0.2896491248035884,0.663440527726242,0.5227777777777778,0.7642222222222222,0.558974358974359,0.783121959001356,0.558974358974359,0.5227777777777778,0.17668253968253966,0.6435,lda1,20,8.797218711180951,24.00321749105667,0.13772007715366333,72.01729006079522,0.022777803013063383,9,11,Permuted,41
1.2094041750475182,0.6642592592592592,0.3090922619047619,0.4849642857142857,0.22307843633388813,0.6556860186997173,0.4897222222222222,0.7405555555555555,0.5151340996168582,0.7540674603174603,0.5151340996168582,0.4897222222222222,0.16165476190476188,0.6151388888888889,lda1,20,8.357905604825447,35.930601961426945,0.16322632338400633,110.42126824400017,0.024243917937029045,9,12,Permuted,42
1.0216315530612536,0.7546481481481482,0.33479464285714283,0.5859285714285715,0.3670288872675385,0.7028895053166898,0.5802777777777778,0.7895277777777778,0.640095029239766,0.8056998556998557,0.640095029239766,0.5802777777777778,0.1953095238095238,0.6849027777777777,lda1,20,10.21581008364334,20.81948329235925,0.14608750549916652,66.95715332539797,0.004895721580680802,8,12,Permuted,43
1.0024665579160836,0.7703935185185186,0.3266977513227513,0.5866666666666667,0.3732598883420533,0.7089830032307909,0.5836111111111111,0.792138888888889,0.6540242165242165,0.8085825955172689,0.6540242165242165,0.5836111111111111,0.19555555555555554,0.687875,lda1,20,8.879535485217694,34.0744056296025,0.1712665065391124,100.23679828654546,0.011570380265520134,9,13,Permuted,44
0.8782073529576322,0.8025833333333333,0.3617916666666667,0.6224166666666666,0.4316882486897275,0.7266283524904215,0.6152777777777778,0.8134444444444444,0.6740176151761518,0.8276940256839754,0.6740176151761518,0.6152777777777778,0.20747222222222222,0.7143611111111111,lda1,20,11.78894449376588,23.615785588553436,0.18690557319700782,71.67605897897546,0.024243917937029045,5,7,Permuted,45
1.074498180906532,0.7546990740740741,0.33656448412698414,0.5688214285714286,0.3452298883055997,0.6782222222222222,0.5619444444444445,0.7835555555555556,0.6078431372549019,0.8015035494934992,0.6078431372549019,0.5619444444444445,0.18960714285714286,0.67275,lda1,20,12.780075286908495,36.59497082129355,0.18284855005291384,107.53580385840615,0.016159754017432727,9,13,Permuted,46
0.8730758365786113,0.8214444444444444,0.35961805555555554,0.6459761904761905,0.4598330387442032,0.74001443001443,0.6352777777777777,0.8216111111111111,0.6985057471264368,0.844297619047619,0.6985057471264368,0.6352777777777777,0.2153253968253968,0.72844444444444445,lda1,20,10.74140848444437,27.37168530131546,0.1590424166119885,86.49320240334228,0.017331846771676717,8,11,Permuted,47
1.1074669660543452,0.7278888888888889,0.32041699735449736,0.5179523809523809,0.26743060948961583,0.6644927536231884,0.5169444444444444,0.7549444444444444,0.5913194444444444,0.7659378036929058,0.5913194444444444,0.5169444444444444,0.17265079365079364,0.6359444444444444,lda1,20,6.621120865722069,21.228226912868575,0.11900451157922928,63.94221237636115,0.02921783991671969,9,11,Permuted,48
1.0039420583675758,0.8083518518518519,0.35362665343915345,0.6777142857142857,0.5102159757371827,0.7389060180427087,0.6738888888888889,0.8379722222222222,0.7468402777777777,0.8569325396825397,0.7468402777777777,0.6738888888888889,0.22590476190476189,0.75593055555555555,lda1,20,12.902383950915794,46.76906811611974,0.209900387548061,137.49574944129697,0.0216057102588198,9,11,Permuted,49
0.9763068389229046,0.7831157407407408,0.34555224867724865,0.6107738095238096,0.40472581631818244,0.7156904059558927,0.5988888888888889,0.8019166666666667,0.6665611814345992,0.8226071428571429,0.6665611814345992,0.5988888888888889,0.20359126984126982,0.7004027777777778,lda1,20,10.60896013440381,29.50143262646804,0.1508786978194276,89.15044248960066,0.007768551040073479,9,13,Permuted,50
1.010637154882462,0.7663518518518518,0.33312003968253967,0.5757976190476191,0.3606643816420448,0.6837267670601004,0.5786111111111111,0.7872222222222223,0.6260811709913506,0.7995833333333333,0.6260811709913506,0.5786111111111111,0.19193253968253968,0.6829166666666666,lda1,20,9.691308732596134,25.9500813879735,0.14143547529494338,77.55756467471271,0.008597047884167822,9,11,Permuted,51
0.8124064747940598,0.8703564814814815,0.3811107804232804,0.714202380952381,0.5643350058758753,0.7598675563643716,0.7091666666666666,0.8551666666666666,0.7640615191462649,0.8713809523809524,0.7640615191462649,0.7091666666666666,0.23806746031746032,0.7821666666666667,lda1,20,14.797679118822957,34.225267973579626,0.1963980549850087,102.01917623905956,0.024005916842273434,9,12,Permuted,52
1.0095243431181706,0.7691851851851852,0.3341107804232804,0.563952380952381,0.3424018106436296,0.6712301587301587,0.5683333333333334,0.7812777777777777,0.6280555555555556,0.7981401314734649,0.6280555555555556,0.5683333333333334,0.18798412698412698,0.6748055555555555,lda1,20,9.579885779437346,35.844026337530764,0.1681881301134404,108.20525829349602,0.04514307476772272,9,11,Permuted,53
1.087249829155351,0.7452222222222222,0.3372023809523809,0.5650833333333333,0.3378585089188671,0.6840136054421768,0.5613888888888889,0.7795555555555556,0.60758547008547,0.8007418042593922,0.60758547008547,0.5613888888888889,0.1883611111111111,0.6704722222222222,lda1,20,10.374284061679724,36.2593199774591,0.16206126308196006,110.41520327375174,0.05058903100910979,9,10,Permuted,54
0.9945837610272684,0.7975092592592593,0.3564434523809524,0.6219642857142857,0.4280798784236822,0.727310547875064,0.625,0.8100277777777778,0.6938818565400844,0.8260070192230996,0.6938818565400844,0.625,0.20732142857142857,0.7175138888888889,lda1,20,11.268978849625704,29.551191422183493,0.15915116124581674,89.10619981464983,0.012357924791986072,9,12,Permuted,55
0.8700066373426517,0.8282037037037037,0.3787953042328042,0.6580357142857143,0.48139892438073023,0.7547261547261547,0.6477777777777778,0.8289166666666666,0.7031481481481481,0.8478214285714286,0.7031481481481482,0.6477777777777778,0.2193452380952381,0.7383472222222223,lda1,20,13.301713215175686,31.679412516693958,0.1821286963808925,93.64544062911263,0.07890833769093583,9,12,Permuted,56
1.1825604998379955,0.7370231481481482,0.32554728835978836,0.5563095238095238,0.3293241218758633,0.6747795414462081,0.5561111111111111,0.7776666666666666,0.605168776371308,0.7924304059982452,0.6051687763713081,0.5561111111111111,0.18543650793650793,0.6668888888888889,lda1,20,9.060317935392074,21.42486857937027,0.14378267804457096,64.6928460393256,0.01965454418511645,9,12,Permuted,57
0.8735629586659261,0.8112314814814815,0.3541127645502645,0.6033928571428572,0.4042645507778126,0.6821849446849447,0.6111111111111112,0.8026388888888889,0.6671409214092141,0.8171865079365079,0.6671409214092141,0.6111111111111112,0.20113095238095238,0.706875,lda1,20,11.531513525748483,27.74504752609614,0.16816889306636387,81.82470980888931,0.04992501694064585,9,10,Permuted,58
1.1505441337260045,0.7404768518518519,0.32973181216931213,0.506,0.2535402603837005,0.6644197072768502,0.5052777777777778,0.7516111111111111,0.5282078853046595,0.7649484126984127,0.5282078853046595,0.5052777777777778,0.16866666666666666,0.6284444444444445,lda1,20,9.301999241936507,38.60907579870313,0.17783607695733206,117.7692657164964,0.04062611829239084,9,12,Permuted,59
0.9617195735587858,0.7456944444444444,0.33263095238095236,0.5274880952380953,0.2840610239245916,0.6697146234380277,0.5247222222222222,0.7620555555555556,0.5694444444444444,0.773468253968254,0.5694444444444444,0.5247222222222222,0.17582936507936509,0.6433888888888889,lda1,20,8.627041760165467,25.742631343622183,0.13945433409200347,76.21688097011919,0.017803881033372736,9,13,Permuted,60
1.0257623130660078,0.7577337962962963,0.341021164021164,0.5983928571428572,0.38854492156553194,0.7162055933484505,0.5947222222222223,0.7960833333333334,0.6688122605363984,0.8167903007098987,0.6688122605363984,0.5947222222222223,0.1994642857142857,0.6954027777777778,lda1,20,10.187886023309852,23.5078382957289,0.18176495071061358,71.07789549634069,0.01219234097381118,6,8,Permuted,61
1.1703247853127658,0.7240231481481482,0.3241312830687831,0.5264642857142857,0.28595521864787393,0.6831707783515012,0.52,0.7634722222222222,0.5529471544715447,0.7789206349206349,0.5529471544715447,0.52,0.17548809523809522,0.6417361111111111,lda1,20,10.61400724712757,32.14504553994922,0.16711817435357498,94.90742866561051,0.011570380265520134,9,12,Permuted,62
0.9945406991672167,0.7914814814814815,0.3418630952380952,0.5743690476190476,0.3516922568255312,0.6779076479076479,0.5730555555555555,0.7828333333333334,0.6211252653927813,0.7991111111111111,0.6211252653927813,0.5730555555555555,0.1914563492063492,0.6779444444444445,lda1,20,13.505587783435809,26.506873965244562,0.17387023163123252,79.9278404167201,0.07812189420701399,9,10,Permuted,63
1.1221197197467216,0.7554212962962963,0.3408912037037037,0.57775,0.35614540811394696,0.6993863524791359,0.5675,0.7872777777777777,0.61078216374269,0.8059323392656726,0.61078216374269,0.5675,0.19258333333333333,0.6773888888888889,lda1,20,9.852531419990417,28.337478156503035,0.14819379830118398,84.0521270300829,0.028211330980650588,9,12,Permuted,64
0.9237241857900619,0.8048657407407407,0.3595132275132275,0.602202380952381,0.3937217464478687,0.7170555555555556,0.5894444444444444,0.7997777777777778,0.657986111111111,0.8178849206349207,0.657986111111111,0.5894444444444444,0.200734126984127,0.6946111111111111,lda1,20,12.469830250132528,26.909051690668722,0.1667392201358694,79.70908828374438,0.0674085824304568,9,12,Permuted,65
0.8503272978281128,0.8283148148148148,0.37383630952380953,0.6529761904761905,0.46744461719291597,0.740826873385013,0.6430555555555556,0.8240833333333334,0.718278463648834,0.8424206349206349,0.718278463648834,0.6430555555555556,0.21765873015873016,0.7335694444444444,lda1,20,13.045580918343365,24.77522994599949,0.17902194580831002,75.48262768615398,0.017803881033372736,7,11,Permuted,66
0.9673730767855564,0.7792175925925926,0.3496008597883598,0.6465357142857143,0.4604659878160504,0.7442428823381204,0.6441666666666667,0.8196388888888889,0.7204278812974465,0.8347491425380873,0.7204278812974465,0.6441666666666667,0.21551190476190477,0.7319027777777778,lda1,20,10.448888987534495,23.360461145740878,0.14381750109697583,70.5220908068185,0.016159754017432727,9,12,Permuted,67
1.033451427647583,0.7239629629629629,0.32117658730158727,0.5325238095238095,0.2791562215995227,0.6837708587708587,0.5183333333333333,0.7605,0.5771794871794872,0.7810485810485811,0.5771794871794872,0.5183333333333333,0.1775079365079365,0.6394166666666666,lda1,20,9.774901641466954,24.151866561418426,0.14872828997197193,71.72862710796818,0.056200571068671344,9,10,Permuted,68
1.046319300163193,0.7677824074074074,0.3335515873015873,0.5883095238095238,0.37792628553164836,0.6861471861471862,0.5869444444444445,0.7941666666666667,0.6354918612880396,0.8106746031746032,0.6354918612880396,0.5869444444444445,0.19610317460317458,0.6905555555555556,lda1,20,10.274842901051327,27.139437401682557,0.1479726616294121,80.55370401063118,0.01521509687979848,9,11,Permuted,69
0.8536760649550712,0.8278518518518518,0.358594246031746,0.674345238095238,0.506251448024024,0.7446633825944171,0.6716666666666666,0.8364444444444444,0.7404248366013072,0.8519444444444444,0.7404248366013072,0.6716666666666666,0.22478174603174603,0.7540555555555556,lda1,20,10.693286617301837,28.502594294733978,0.1685334182417872,84.86505363858109,0.031970518231682954,9,10,Permuted,70
1.0620344180372194,0.75275,0.3282149470899471,0.5597261904761904,0.32929281765493085,0.6711882918304937,0.5563888888888889,0.7759722222222222,0.6138523391812866,0.7914087301587301,0.6138523391812866,0.5563888888888889,0.1865753968253968,0.6661805555555556,lda1,20,10.22481746501843,24.569271436229428,0.149407439000459,74.38107331878321,0.04273553180390321,9,10,Permuted,71
1.0629403331899587,0.7633009259259259,0.34736904761904763,0.5464761904761904,0.30715157137199306,0.6760491411176343,0.5263888888888889,0.7727777777777778,0.5575256107171,0.7912938912938913,0.5575256107171,0.5263888888888889,0.18215873015873016,0.6495833333333333,lda1,20,12.24836802738158,30.16789817120284,0.16851471037129984,87.84625995880265,0.024243917937029045,9,11,Permuted,72
1.0862163975238306,0.7404768518518519,0.3312056878306878,0.5632619047619047,0.3383117526874083,0.6703850676072898,0.5647222222222222,0.7801388888888889,0.6225468975468975,0.7938462152029991,0.6225468975468975,0.5647222222222222,0.18775396825396826,0.6724305555555555,lda1,20,9.01787499360904,27.06863328131909,0.15748896977247784,82.44327309084389,0.02365004287411732,9,10,Permuted,73
0.9419124869260883,0.7756851851851851,0.34382208994708996,0.579297619047619,0.3612194293194539,0.6819231859410431,0.5797222222222222,0.7865277777777778,0.6248447204968944,0.801765873015873,0.6248447204968944,0.5797222222222222,0.19309920634920635,0.683125,lda1,20,12.485727126805434,29.78590773486341,0.17544426624651976,90.01276657543866,0.002157010980511516,9,11,Permuted,74
0.8992588399929705,0.8003842592592593,0.34188988095238093,0.5858333333333333,0.37203088349433017,0.6697269303201506,0.5763888888888888,0.793138888888889,0.6463319088319088,0.8095756560580681,0.6463319088319088,0.5763888888888888,0.19527777777777777,0.6847638888888888,lda1,20,13.02684658214433,33.508193205484986,0.2022014990429192,104.04548980700656,0.011570380265520134,7,10,Permuted,75
1.1512516205235428,0.7055370370370371,0.3202784391534391,0.5518333333333333,0.3174468686722308,0.6945468509984639,0.55,0.7717777777777778,0.6126712328767123,0.7903875594230925,0.6126712328767123,0.55,0.18394444444444444,0.6608888888888889,lda1,20,8.707926663161084,27.004393266405426,0.14990906757169387,81.10874877072249,0.008597047884167822,9,10,Permuted,76
1.056483661085384,0.752375,0.33453108465608467,0.5574642857142857,0.3232791521397353,0.6761128364389234,0.5458333333333333,0.7756388888888889,0.5932707355242567,0.7956490210297317,0.5932707355242567,0.5458333333333333,0.18582142857142855,0.6607361111111111,lda1,20,10.157314274727828,25.52320811335442,0.15296436891473458,75.70616911688995,0.011570380265520134,9,12,Permuted,77
0.7117553682116656,0.8809351851851852,0.3754543650793651,0.6848928571428572,0.5201447517333554,0.7418569254185693,0.6855555555555556,0.8403888888888889,0.74119812583668,0.857920555156736,0.74119812583668,0.6855555555555556,0.22829761904761905,0.7629722222222222,lda1,20,16.587015471563646,30.396343212615417,0.2043315164940215,101.64915854785578,0.017331846771676717,8,12,Permuted,78
0.9329961676358506,0.7898287037037037,0.3428650793650794,0.5830357142857143,0.3659077161884997,0.7062805250305251,0.5847222222222223,0.7878333333333334,0.6320430107526882,0.8031547619047619,0.6320430107526882,0.5847222222222223,0.1943452380952381,0.6862777777777778,lda1,20,10.966584911324292,21.669980568566718,0.15688737588693039,75.08115541034277,0.008597047884167822,8,11,Permuted,79
1.0395618857311257,0.7460324074074074,0.32427447089947087,0.5374166666666667,0.3001031042716119,0.6605845543345543,0.5455555555555556,0.7658055555555555,0.5908960573476703,0.7809960317460317,0.5908960573476703,0.5455555555555556,0.17913888888888888,0.6556805555555556,lda1,20,7.582162539361817,23.278923584275482,0.1237210281082345,69.74945573810344,0.0156871311414945,9,11,Permuted,80
1.1497612376881423,0.6645277777777777,0.3002559523809524,0.45367857142857143,0.171087682697163,0.6016502897455278,0.4475,0.7234166666666667,0.4967111111111111,0.7362487852283771,0.4967111111111111,0.4475,0.15122619047619046,0.5854583333333333,lda1,20,8.429437496244452,23.20623152165519,0.13792459964717432,70.63092928928813,0.01879796169564238,9,11,Permuted,81
1.0004889269768844,0.7645879629629629,0.32844510582010583,0.5465357142857142,0.3162750641917081,0.6582919973544974,0.5483333333333333,0.7718888888888888,0.5949042145593869,0.7870264018505224,0.5949042145593869,0.5483333333333333,0.1821785714285714,0.6601111111111111,lda1,20,10.716885097065925,32.50925776071687,0.17206243018113213,98.02369430002712,0.02365004287411732,9,11,Permuted,82
1.0251078789992614,0.7930601851851852,0.3562781084656085,0.6314047619047619,0.4411776326398212,0.7192822636300897,0.6263888888888889,0.8151111111111111,0.6629744651483782,0.8325396825396826,0.6629744651483782,0.6263888888888889,0.21046825396825397,0.72075,lda1,20,9.294687170862835,39.82094157240456,0.17610338746790477,119.09045588637362,0.038375249541289215,9,13,Permuted,83
1.0182027348536387,0.8226018518518519,0.3674219576719577,0.6647857142857143,0.48818052987430255,0.7482300327538423,0.655,0.8302222222222222,0.7318518518518519,0.8518598685265352,0.7318518518518519,0.655,0.2215952380952381,0.7426111111111111,lda1,20,11.877833955668144,29.551512711977026,0.17150737588540274,88.46899364120563,0.03639430816542066,9,12,Permuted,84
1.028715533811922,0.7609259259259259,0.3309265873015873,0.5942738095238095,0.38689333613767496,0.6922636922636922,0.5922222222222222,0.7957777777777778,0.6405483405483405,0.8123634043232033,0.6405483405483405,0.5922222222222222,0.19809126984126985,0.694,lda1,20,10.076363980255405,31.4731464162652,0.16476786611550043,95.35732743860285,0.01521509687979848,9,11,Permuted,85
0.965904129233692,0.7371435185185186,0.32696825396825396,0.5143095238095238,0.26816704042494294,0.6523631175316569,0.5202777777777777,0.7552777777777778,0.5600146198830409,0.7719166666666667,0.5600146198830409,0.5202777777777777,0.17143650793650794,0.6377777777777778,lda1,20,9.336364785914638,23.768353012233362,0.14514548892491438,72.20771900382636,0.05873308107160803,9,11,Permuted,86
1.056303127738755,0.7344259259259259,0.3238898809523809,0.5141904761904762,0.26373080575601465,0.6444805194805194,0.5172222222222222,0.7535555555555555,0.5761728395061728,0.7735369568702902,0.5761728395061728,0.5172222222222222,0.17139682539682538,0.6353888888888889,lda1,20,9.19754110935201,23.14624381327718,0.1382862121873662,70.22233241519012,0.007768551040073479,9,10,Permuted,87
0.9314242428367799,0.8339722222222222,0.37775925925925924,0.6620595238095238,0.4825616940697548,0.7346100759144237,0.6569444444444444,0.8281944444444445,0.7240410052910052,0.8473384640051307,0.7240410052910052,0.6569444444444444,0.22068650793650793,0.7425694444444444,lda1,20,9.974687260775244,22.357610743162848,0.13838139394489468,66.59873717277122,0.053419807108329165,9,15,Permuted,88
1.1568338170772117,0.7296990740740741,0.32792526455026455,0.5633571428571429,0.34698287488779544,0.6800224466891134,0.5805555555555556,0.7816944444444445,0.6002508960573476,0.8017142857142857,0.6002508960573477,0.5805555555555556,0.18778571428571428,0.681125,lda1,20,11.15684452582968,37.31161981865688,0.20152693530645469,113.85811796831211,0.016159754017432727,9,10,Permuted,89
1.1527845646554529,0.6854305555555555,0.3046223544973545,0.5086428571428572,0.25539613698161284,0.6622614588906723,0.5063888888888889,0.7520833333333333,0.5385394828791055,0.7667982770997847,0.5385394828791055,0.5063888888888889,0.16954761904761903,0.6292361111111111,lda1,20,8.434282633816899,23.17968435433879,0.13353282053013982,68.3865261704506,0.012357924791986072,9,11,Permuted,90
1.0101735246363532,0.7820138888888889,0.34656018518518517,0.5941547619047619,0.3851668399846268,0.6956595027391488,0.5958333333333333,0.7963611111111111,0.6531953522149601,0.8147222222222222,0.6531953522149601,0.5958333333333333,0.19805158730158728,0.6960972222222223,lda1,20,10.597623141706807,27.21872377396008,0.1554196830521509,80.89755918396322,0.01965454418511645,9,13,Permuted,91
0.9980732853584559,0.754912037037037,0.3237271825396825,0.5514642857142857,0.31675318329024044,0.6676795162509448,0.5480555555555555,0.7726111111111111,0.6015119549929676,0.7871212121212121,0.6015119549929676,0.5480555555555555,0.18382142857142855,0.6603333333333333,lda1,20,8.210566602436069,23.20067881502916,0.13843686680476067,70.2073971632672,0.011570380265520134,9,11,Permuted,92
1.092873625760963,0.6714444444444444,0.3072797619047619,0.4722142857142857,0.19874530138489477,0.641001400560224,0.46555555555555556,0.7333333333333333,0.4874444444444444,0.7455396825396825,0.48744444444444446,0.46555555555555556,0.1574047619047619,0.5994444444444444,lda1,20,7.675873092771071,21.648071138835824,0.12884329987513307,63.68324797573547,0.03790634151749467,9,10,Permuted,93
1.193588950514956,0.692462962962963,0.3108214285714286,0.48754761904761906,0.22441456668875404,0.6587810337810338,0.4855555555555556,0.7424166666666666,0.5192251461988304,0.7532667949334616,0.5192251461988304,0.4855555555555556,0.162515873015873,0.6139861111111111,lda1,20,8.815566700252143,24.89714370011633,0.1337826697695535,74.0787583676321,0.011570380265520134,9,13,Permuted,94
1.0870864401795444,0.7284537037037037,0.32912103174603174,0.5739166666666666,0.3540715582589482,0.6849489795918368,0.575,0.78475,0.6277430555555555,0.8028954295285954,0.6277430555555555,0.575,0.19130555555555556,0.679875,lda1,20,8.523369969354125,24.74185855450893,0.12836986050052232,73.96631004819494,0.04742202916420367,9,13,Permuted,95
1.1400642509347978,0.7511157407407407,0.33259424603174603,0.5805595238095238,0.3633869208896784,0.6846086012752679,0.58,0.7888055555555555,0.6561965811965812,0.8042354630294328,0.6561965811965812,0.58,0.19351984126984126,0.6844027777777778,lda1,20,11.259619240292801,29.35800687753769,0.15868640300114434,89.52329173778986,0.03866098450389392,9,11,Permuted,96
1.0692463387177595,0.7547407407407407,0.3397185846560847,0.6280833333333333,0.4320174788913529,0.7302144249512671,0.6177777777777778,0.81275,0.6745461147421932,0.8288226848528356,0.6745461147421932,0.6177777777777778,0.2093611111111111,0.7152638888888889,lda1,20,12.621335599302284,31.264584956970317,0.17982536437696334,91.67303276530319,0.0156871311414945,9,12,Permuted,97
1.0092613100898593,0.784537037037037,0.34982208994708996,0.6046428571428571,0.40460307090817577,0.7255082149818992,0.6091666666666666,0.8023611111111111,0.650445816186557,0.8190912698412699,0.650445816186557,0.6091666666666666,0.20154761904761903,0.7057638888888889,lda1,20,10.264634938952145,25.40457687728293,0.15590100381541022,75.9082874162232,0.05682312039120419,9,11,Permuted,98
0.7233062870685317,0.8889259259259259,0.3911431878306878,0.714452380952381,0.5689758993144938,0.7654401154401155,0.7197222222222223,0.8575555555555555,0.7708812260536398,0.8721309523809524,0.7708812260536398,0.7197222222222223,0.23815079365079364,0.7886388888888889,lda1,20,15.056396237165027,30.82885912611201,0.19188927397917258,92.27568683252585,0.04570886418525552,9,10,Permuted,99
0.9306062209982835,0.7997268518518519,0.347453373015873,0.6311309523809524,0.44059482226365076,0.7019560054993126,0.6305555555555555,0.8138055555555556,0.6983974358974359,0.8326825396825397,0.6983974358974359,0.6305555555555555,0.21037698412698413,0.7221805555555556,lda1,20,12.210361763475865,33.48240850975695,0.1720094902208699,101.90930613511455,0.07303409020481193,8,11,Permuted,100
0.9941548018006379,0.7996435185185186,0.35585383597883596,0.6036785714285714,0.3982169582927486,0.703001728744303,0.5952777777777778,0.8008888888888889,0.644679186228482,0.8229560500917285,0.644679186228482,0.5952777777777778,0.20122619047619048,0.6980833333333333,lda1,20,12.345606307061178,31.16732852568984,0.17717248582830913,93.0080503910167,0.056673193944609575,9,11,Permuted,101
1.1415693363102868,0.6762037037037038,0.31486507936507935,0.4856309523809524,0.22345152363052895,0.6330727315801943,0.4816666666666667,0.7421666666666666,0.4848484848484848,0.758297619047619,0.48484848484848486,0.4816666666666667,0.16187698412698412,0.6119166666666667,lda1,20,8.784662677514682,27.896691413980665,0.15004809141792286,81.4532241704585,0.033184664346099436,9,11,Permuted,102
1.0404228279871945,0.7565601851851852,0.34031613756613754,0.5826309523809524,0.37178566116814094,0.6862286890064667,0.5783333333333334,0.7921111111111111,0.63,0.8088928571428572,0.63,0.5783333333333334,0.19421031746031744,0.6852222222222222,lda1,20,11.114826481917111,29.755025389591573,0.1568462221023326,88.88195758713108,0.03639430816542066,9,12,Permuted,103
0.8695648731800342,0.8277546296296296,0.36652579365079363,0.6221428571428571,0.4299234445803688,0.7232398873527905,0.6286111111111111,0.8096111111111111,0.6676470588235294,0.8252253330142777,0.6676470588235294,0.6286111111111111,0.2073809523809524,0.7191111111111111,lda1,20,13.238805119852946,27.417275879834044,0.1696527462178255,86.98618487822864,0.01521509687979848,8,11,Permuted,104
0.8785536541529562,0.8388287037037037,0.37414682539682537,0.6395952380952381,0.45092896278145356,0.7097815764482431,0.6283333333333333,0.8185277777777777,0.7048513302034428,0.8411656244989578,0.7048513302034429,0.6283333333333333,0.2131984126984127,0.7234305555555556,lda1,20,12.80045831631068,27.737475357469076,0.17070009589460983,82.04457997309777,0.08734328368525468,9,13,Permuted,105
0.9843689456658997,0.7690046296296297,0.3421541005291005,0.5641547619047619,0.34329058677564805,0.6716905532439513,0.5627777777777778,0.7828333333333334,0.6349093774625689,0.802819653824679,0.6349093774625689,0.5627777777777778,0.1880515873015873,0.6728055555555555,lda1,20,8.332696623896709,19.759456381812818,0.13365552389576624,58.22538630663993,0.029097688772290277,8,12,Permuted,106
1.017569033277613,0.7475601851851852,0.33394246031746033,0.5538095238095238,0.3227560351961843,0.6735048901715568,0.5530555555555555,0.7747222222222222,0.6035903250188964,0.7902717652717652,0.6035903250188964,0.5530555555555555,0.1846031746031746,0.6638888888888889,lda1,20,8.608773290974003,23.45100167215042,0.13267347176446245,70.81275773084612,0.06194272489092885,9,13,Permuted,107
1.2083939903626366,0.7021527777777777,0.31827083333333334,0.5133333333333333,0.26310020199836415,0.6439213564213564,0.5072222222222222,0.7561666666666667,0.5678403755868544,0.768963443963444,0.5678403755868544,0.5072222222222222,0.1711111111111111,0.6316944444444444,lda1,20,7.764559776249214,27.40274036608491,0.13604738920472093,81.06737591272228,0.02365004287411732,9,11,Permuted,108
1.007792079741609,0.7455787037037037,0.33476289682539684,0.5496309523809524,0.3250865973112333,0.6672486772486772,0.5538888888888889,0.7759444444444444,0.6047819971870605,0.7905639307649358,0.6047819971870605,0.5538888888888889,0.18321031746031746,0.6649166666666667,lda1,20,8.545522079629322,27.550296096004455,0.13794254908762188,81.44452065777398,0.008597047884167822,9,11,Permuted,109
1.0430175439408145,0.7261805555555556,0.32658035714285716,0.529,0.2816852685685761,0.6617147328414934,0.5175,0.7611944444444444,0.5414786967418547,0.7819394085891548,0.5414786967418547,0.5175,0.17633333333333331,0.6393472222222222,lda1,20,12.134915211744909,26.56464159135088,0.1569854919971464,79.2183713742495,0.03094835192403399,9,12,Permuted,110
1.2023324395443766,0.7441018518518518,0.3304275793650794,0.5909285714285715,0.3748051490027599,0.6945983155166828,0.5811111111111111,0.7928055555555555,0.6402979066022544,0.8138447971781305,0.6402979066022544,0.5811111111111111,0.19697619047619047,0.6869583333333333,lda1,20,10.38630216373705,18.598414607652913,0.14372555704519854,55.725896888511556,0.011570380265520134,9,12,Permuted,111
0.9976918889024581,0.7655277777777778,0.33788062169312166,0.5630119047619048,0.33166925105770395,0.6904685592185592,0.5599999999999999,0.7764166666666666,0.6286666666666666,0.7873773630055038,0.6286666666666667,0.5599999999999999,0.1876706349206349,0.6682083333333333,lda1,20,10.784814639640384,25.025820899034187,0.1474670338109701,74.83550779559889,0.01965454418511645,9,12,Permuted,112
0.9931217799708633,0.783425925925926,0.3496577380952381,0.6067380952380952,0.39869171660858127,0.7062077636335062,0.5927777777777777,0.8008333333333333,0.646015325670498,0.8226649118608917,0.6460153256704981,0.5927777777777777,0.20224603174603173,0.6968055555555556,lda1,20,10.336662931155464,35.97331820190988,0.1658868030525743,107.57938092216688,0.011570380265520134,9,11,Permuted,113
1.053831270873549,0.7667777777777778,0.34028736772486773,0.5898333333333333,0.3801159779217983,0.6860865290068829,0.5891666666666666,0.7938333333333334,0.6349755415793151,0.8095634920634921,0.6349755415793151,0.5891666666666666,0.1966111111111111,0.6915,lda1,20,10.905126401141041,31.71914528105104,0.17554954373889076,95.49954801713058,0.03941706407140755,9,10,Permuted,114
0.955888034684238,0.78975,0.3514285714285714,0.6086071428571429,0.4116841618286584,0.7026021337496747,0.6191666666666666,0.8038055555555556,0.6659465020576132,0.8204880952380953,0.6659465020576132,0.6191666666666666,0.20286904761904762,0.7114861111111112,lda1,20,11.664492474420921,26.787939927814257,0.1564549640069972,80.73453515784306,0.01219234097381118,9,11,Permuted,115
0.895478712479392,0.8192731481481481,0.3555016534391534,0.6178571428571429,0.418480538465987,0.6982730158730158,0.6194444444444445,0.8061944444444444,0.6794549266247379,0.8249007936507936,0.6794549266247379,0.6194444444444445,0.20595238095238094,0.71281944444444445,lda1,20,13.404112738872492,26.707902357846436,0.17567520953542212,79.71190217433684,0.0403617212090422,9,11,Permuted,116
1.2141718031263988,0.673037037037037,0.31272850529100527,0.4834880952380952,0.2124847538933173,0.6363408521303258,0.46805555555555556,0.7395277777777778,0.48145483613109513,0.7552579365079365,0.48145483613109513,0.46805555555555556,0.1611626984126984,0.6037916666666666,lda1,20,8.38225228349551,23.5812103160824,0.13494260678246986,69.65422189254696,0.01879796169564238,9,11,Permuted,117
0.9662553444354006,0.7718101851851852,0.3390886243386243,0.6047142857142858,0.40416703404189935,0.7144405729771584,0.6088888888888889,0.8019722222222222,0.6706586826347305,0.8178769841269842,0.6706586826347305,0.6088888888888889,0.20157142857142857,0.7054305555555556,lda1,20,10.801174226294677,27.76872595604123,0.16167146904879803,83.34618753986533,0.03256270363780839,9,11,Permuted,118
0.980216167071496,0.79275,0.34098743386243385,0.6167738095238096,0.4154759954431181,0.7247529200359389,0.6091666666666666,0.8044722222222223,0.6966426858513189,0.8274891774891775,0.6966426858513189,0.6091666666666666,0.20559126984126982,0.7068194444444444,lda1,20,9.936074207483921,29.598605572170584,0.17049292860604268,88.34902064431894,0.08083082950501765,9,10,Permuted,119
1.0221467866403289,0.7559212962962963,0.33017956349206345,0.5751666666666666,0.34867092001515015,0.6698826777087646,0.5711111111111111,0.7822777777777777,0.6363134657836644,0.7960718294051627,0.6363134657836644,0.5711111111111111,0.1917222222222222,0.6766944444444445,lda1,20,9.90526135672944,24.368807614088393,0.1420867648497712,73.4323061203423,0.0367805460499846,9,12,Permuted,120
1.0362249447849035,0.763875,0.32996230158730155,0.5775238095238096,0.35914816172125513,0.6817531817531818,0.5827777777777777,0.7865277777777778,0.6395185185185185,0.8049462882796217,0.6395185185185185,0.5827777777777777,0.1925079365079365,0.6846527777777778,lda1,20,9.638237591081095,25.763318252754395,0.14780218105321896,76.5356589404679,0.022127168045150806,9,12,Permuted,121
1.1945825595005073,0.6505,0.3087999338624339,0.4820595238095238,0.21414332081839796,0.6537981859410431,0.4658333333333333,0.7408333333333333,0.4832936507936508,0.7532663316582915,0.4832936507936508,0.4658333333333333,0.16068650793650793,0.6033333333333333,lda1,20,7.760403912165016,24.174876643381687,0.13236644283864896,69.96235972413032,0.015787634063454542,9,11,Permuted,122
0.9754771485765293,0.7641990740740741,0.32927347883597885,0.5635,0.33508212134171367,0.6835847870501336,0.5569444444444445,0.7788888888888889,0.609,0.7960516870064609,0.609,0.5569444444444445,0.18783333333333332,0.6679166666666667,lda1,20,11.192492506344475,24.398347311042443,0.15882917451647327,72.64624735804978,0.051182906072021514,9,12,Permuted,123
0.9147888761448377,0.8104490740740741,0.35646593915343916,0.6074880952380952,0.40054064495378305,0.7081384015594542,0.5969444444444444,0.8006944444444445,0.6656862745098039,0.8190875009970487,0.6656862745098039,0.5969444444444444,0.20249603174603173,0.6988194444444444,lda1,20,11.911011592423776,24.71345858560161,0.16252059490248827,73.51253738125902,0.014564461911886307,9,11,Permuted,124
0.8148993955839356,0.8247453703703703,0.36555257936507934,0.644547619047619,0.4575800525372732,0.7572571428571429,0.6405555555555555,0.8183333333333334,0.7257080610021787,0.8356071428571429,0.7257080610021787,0.6405555555555555,0.21484920634920635,0.7294444444444445,lda1,20,11.276482926691704,24.79281451369204,0.1576675670949322,76.48621233714599,0.04236231080738054,8,12,Permuted,125
0.9680939409372398,0.7653611111111112,0.33104497354497353,0.5456428571428571,0.30196649620994426,0.6845378151260504,0.5363888888888889,0.76775,0.5888083735909823,0.7855079365079365,0.5888083735909823,0.5363888888888889,0.18188095238095237,0.6520694444444445,lda1,20,11.148140238482162,35.3963970473051,0.1829141927054148,105.20998100850926,0.01965454418511645,9,10,Permuted,126
1.0277726732381298,0.7486805555555556,0.32043617724867723,0.5512380952380952,0.3170773272394387,0.6714514652014651,0.5505555555555556,0.7722777777777777,0.5955627705627705,0.7910724357424865,0.5955627705627705,0.5505555555555556,0.18374603174603174,0.6614166666666667,lda1,20,11.670713739609056,32.03034842804968,0.1735810975427067,97.45317308641143,0.01879796169564238,9,11,Permuted,127
1.0056554014142667,0.7689768518518518,0.34550363756613756,0.5380833333333334,0.30329404955246253,0.666265664160401,0.5483333333333333,0.7671111111111111,0.5828216374269005,0.7823203318178192,0.5828216374269006,0.5483333333333333,0.1793611111111111,0.6577222222222222,lda1,20,11.09068806249662,24.334985849315018,0.14672831627544652,74.57644428118181,0.09502555234870638,9,13,Permuted,128
1.0595891514777536,0.724574074074074,0.3278439153439153,0.5286309523809524,0.2820607661786072,0.6712718009014306,0.5208333333333334,0.7616111111111111,0.5574944071588367,0.7762261904761905,0.5574944071588367,0.5208333333333334,0.17621031746031746,0.6412222222222222,lda1,20,8.791927132187224,26.20731864563138,0.14644396068896812,76.68781229381864,0.011069671744202583,9,11,Permuted,129
0.9352854145244873,0.8056851851851852,0.3533468915343915,0.5967976190476191,0.39041257446620037,0.6950054734537493,0.5933333333333334,0.7974722222222222,0.6393842887473461,0.8141071428571429,0.6393842887473461,0.5933333333333334,0.19893253968253968,0.6954027777777778,lda1,20,10.819725521360114,27.99136554408119,0.15135919169853063,83.45029862064162,0.004895721580680802,9,12,Permuted,130
0.9668348287348095,0.7533981481481481,0.32972156084656085,0.5623928571428571,0.33408489415487197,0.6862171931478862,0.5563888888888889,0.77875,0.6443688586545729,0.7940216957804898,0.6443688586545729,0.5563888888888889,0.1874642857142857,0.6675694444444444,lda1,20,7.825101304524124,15.738465907679412,0.13630482851905584,48.799395898550316,0.011570380265520134,6,9,Permuted,131
1.0425169436286927,0.7096527777777778,0.32674041005291005,0.5145,0.259029563771477,0.6648401826484018,0.5013888888888889,0.7543611111111111,0.5416666666666666,0.7702924824752236,0.5416666666666666,0.5013888888888889,0.17149999999999999,0.627875,lda1,20,8.151324067714478,28.7322762732856,0.14415516059094755,85.0779013712648,0.03615858534169355,9,11,Permuted,132
1.071258014903018,0.748,0.326478835978836,0.5765238095238095,0.35968709839620655,0.6792760717994363,0.5769444444444445,0.7879444444444444,0.6183544303797468,0.8071508335327431,0.6183544303797468,0.5769444444444445,0.19217460317460316,0.6824444444444444,lda1,20,9.34305539828789,21.99325144105659,0.1436820127241255,65.96731063202375,0.007768551040073479,9,10,Permuted,133
1.0365193377370865,0.7583657407407407,0.34884556878306877,0.6053928571428572,0.4027556450942857,0.6962853870070365,0.5980555555555556,0.8022222222222223,0.6424036281179138,0.8226170535215761,0.6424036281179138,0.5980555555555556,0.20179761904761903,0.7001388888888889,lda1,20,9.66169189911295,29.496879149856184,0.17197319064988034,93.02901182743469,0.04153381396328619,7,10,Permuted,134
1.010160862814477,0.7569050925925926,0.33576554232804234,0.5975238095238096,0.3840228192922461,0.7208355136926565,0.5802777777777778,0.7969722222222222,0.6394841269841269,0.8227593394260061,0.6394841269841269,0.5802777777777778,0.19917460317460317,0.688625,lda1,20,10.490204306696763,21.862912704777294,0.15064718411657252,71.33293325369559,0.04385651137672592,8,9,Permuted,135
1.079707193792477,0.7047361111111111,0.3022450396825397,0.4902738095238095,0.23449815898623802,0.6431519274376417,0.4911111111111111,0.7453888888888889,0.5144366197183099,0.760616574938183,0.5144366197183099,0.4911111111111111,0.16342460317460317,0.61825,lda1,20,7.785674563644882,21.050419130393323,0.12853777763799923,62.84236200652702,0.01965454418511645,9,11,Permuted,136
0.8809573178392082,0.7840462962962963,0.35591236772486773,0.6217142857142857,0.42300251517645604,0.7424332611832611,0.6030555555555556,0.8111666666666667,0.629654157468727,0.8325873015873015,0.629654157468727,0.6030555555555556,0.20723809523809522,0.7071111111111111,lda1,20,9.739379294996935,16.89238972729982,0.15744869657895758,71.91699698091765,0.002157010980511516,6,8,Permuted,137
1.0243966160478934,0.7279583333333334,0.32008862433862434,0.5109642857142856,0.26361587235437295,0.6562745098039215,0.5119444444444444,0.7555833333333334,0.5431597222222222,0.7699603174603175,0.5431597222222222,0.5119444444444444,0.17032142857142857,0.6337638888888889,lda1,20,8.198711376611397,20.107779335735863,0.12412121699145001,60.08086222750777,0.008597047884167822,9,12,Permuted,138
0.9314572239370847,0.8279351851851852,0.3599451058201058,0.6610238095238096,0.47654772348197866,0.7502112135176651,0.6516666666666666,0.8245,0.7619327073552425,0.847214123744736,0.7619327073552425,0.6516666666666666,0.22034126984126984,0.7380833333333333,lda1,20,12.726291680777345,26.055824088848553,0.1558341607575309,79.16885908127702,0.12243885301642336,9,14,Permuted,139
1.0272593205503715,0.7919861111111111,0.3515704365079365,0.6308690476190476,0.4377773115904066,0.7248032004129565,0.6308333333333334,0.8116111111111111,0.7102867383512544,0.8313192948871341,0.7102867383512544,0.6308333333333334,0.21028968253968253,0.7212222222222222,lda1,20,11.789541982346549,27.5738554447394,0.16979539221036216,81.99355335603808,0.010625723127885886,9,12,Permuted,140
1.1505109208355857,0.7031388888888889,0.31019179894179894,0.5220238095238096,0.2716029098036471,0.6573164682539683,0.5247222222222222,0.7562222222222222,0.5883597883597883,0.7681742043551089,0.5883597883597883,0.5247222222222222,0.1740079365079365,0.6404722222222222,lda1,20,10.118580794822991,28.057077908619448,0.14949740525440885,85.57719737543025,0.014564461911886307,9,10,Permuted,141
1.2378021232859235,0.6559675925925926,0.2964242724867725,0.5099523809523809,0.2588233618177785,0.660455486542443,0.5116666666666667,0.7528055555555555,0.5646063281824871,0.7643654781845737,0.5646063281824871,0.5116666666666667,0.169984126984127,0.6322361111111111,lda1,20,5.740950009930209,17.8787572356969,0.10721532093194185,53.74707125531309,0.04207657584477623,9,11,Permuted,142
1.0610489392080322,0.7487175925925926,0.33282142857142855,0.5915357142857143,0.37885448386354637,0.7145576131687242,0.5822222222222222,0.7941944444444444,0.6457183297947628,0.8094563492063492,0.645718329794763,0.5822222222222222,0.19717857142857143,0.6882083333333333,lda1,20,10.792886174648112,29.53939025189316,0.15908768926260342,89.21296073185701,0.030782768105858692,9,11,Permuted,143
1.2036158871035625,0.6326805555555556,0.2928366402116402,0.4414642857142857,0.15400126568197758,0.6033138401559455,0.435,0.7193333333333334,0.4518148148148148,0.7274722222222222,0.45181481481481484,0.435,0.1471547619047619,0.5771666666666666,lda1,20,6.583451604114409,17.646267075602303,0.11400990433737923,52.600992213903154,0.022127168045150806,9,10,Permuted,144
0.9473940110063316,0.7622592592592593,0.3345066137566137,0.5338928571428572,0.29774268401899967,0.6852172518839186,0.5358333333333333,0.7661111111111111,0.5832634521313766,0.7801946239132169,0.5832634521313766,0.5358333333333333,0.1779642857142857,0.6509722222222222,lda1,20,10.88998939389669,23.5297578106304,0.1595184739761673,69.5989945525177,0.029853768339804715,9,10,Permuted,145
0.9286459068158714,0.7743611111111111,0.34277050264550263,0.5818571428571429,0.37081270530984844,0.7013275613275614,0.5908333333333333,0.7897777777777778,0.6260162601626016,0.8075238095238095,0.6260162601626016,0.5908333333333333,0.19395238095238093,0.6903055555555555,lda1,20,8.406999178418227,21.31860916180279,0.13650220763450724,64.29764773496998,0.01965454418511645,9,12,Permuted,146
1.0695042919361337,0.7021388888888889,0.3141345899470899,0.47609523809523807,0.20709155197695484,0.6529591836734694,0.4761111111111111,0.7351944444444445,0.5171752738654147,0.7502725669392336,0.5171752738654147,0.4761111111111111,0.1586984126984127,0.6056527777777778,lda1,20,8.900539149127656,23.153970785428154,0.14123820124712172,69.98064230911616,0.13908028948591752,8,11,Permuted,147
0.9547588427742425,0.7909907407407407,0.344083664021164,0.5648928571428571,0.34188964874650873,0.6826220425277029,0.5625,0.7823611111111111,0.6083689458689459,0.7966984126984127,0.6083689458689459,0.5625,0.18829761904761905,0.6724305555555555,lda1,20,11.04053893564767,31.554918481756033,0.16899143889711743,94.1081596321698,0.022127168045150806,9,10,Permuted,148
0.9865945852322269,0.7654768518518519,0.3330737433862434,0.5825119047619047,0.36523939371005154,0.7113997113997114,0.5738888888888889,0.7893611111111111,0.6303065134099617,0.8059880952380952,0.6303065134099617,0.5738888888888889,0.1941706349206349,0.681625,lda1,20,9.330252015102031,27.85124184497731,0.14042259332589357,82.96433495035099,0.0216057102588198,9,13,Permuted,149
1.0769037539175401,0.7083611111111111,0.3213878968253968,0.57425,0.35171510843323917,0.6844703907203907,0.5752777777777778,0.7830833333333334,0.6191154970760234,0.8006261466060461,0.6191154970760234,0.5752777777777778,0.19141666666666665,0.6791805555555556,lda1,20,8.793386991127786,27.291796343046038,0.13822912920941346,81.19881351069446,0.03765278591103853,9,12,Permuted,150
0.9607889538003296,0.7851203703703704,0.35278042328042325,0.5719047619047619,0.350112049408846,0.7009350935093509,0.5702777777777778,0.78325,0.6312925170068027,0.8021309523809524,0.6312925170068027,0.5702777777777778,0.19063492063492063,0.6767638888888888,lda1,20,10.527036656917984,26.677382636444364,0.1509235079456374,79.83765334117396,0.015787634063454542,9,13,Permuted,151
1.1814449164371315,0.7658657407407408,0.34056580687830684,0.643095238095238,0.4576688241451849,0.7323188924692684,0.6444444444444445,0.8196111111111111,0.7098765432098765,0.8357579365079365,0.7098765432098765,0.6444444444444445,0.21436507936507937,0.7320277777777777,lda1,20,11.954152573888612,26.222598491742946,0.16799266737787702,78.47390825495273,0.03615858534169355,9,13,Permuted,152
0.9437119234601561,0.8092824074074074,0.35217989417989415,0.6439404761904762,0.45743729362554486,0.7121046892039259,0.6416666666666666,0.8198333333333333,0.7083684950773558,0.8396388888888889,0.7083684950773558,0.6416666666666666,0.2146468253968254,0.73075,lda1,20,11.134997885885323,26.70653735207211,0.16887175068245563,96.69810407631732,0.01965454418511645,7,11,Permuted,153
0.9401529555647369,0.813162037037037,0.35807837301587303,0.6142261904761904,0.41934001780402036,0.7189802336028751,0.6097222222222222,0.8081944444444444,0.6785602503912362,0.8274960317460317,0.6785602503912364,0.6097222222222222,0.20474206349206348,0.7089583333333334,lda1,20,11.94729889705024,37.41830582897071,0.1918947253617314,111.62986482170814,0.024243917937029045,9,11,Permuted,154
0.7145862193649244,0.8621481481481481,0.3812549603174603,0.6858809523809524,0.5215333303806089,0.7570457919378782,0.6922222222222222,0.8395555555555556,0.7521394064872325,0.8585347371779533,0.7521394064872325,0.6922222222222222,0.22862698412698412,0.7658888888888888,lda1,20,11.013653534828954,19.153344350455,0.17713940827972813,59.18203103230455,0.02883160203215575,5,7,Permuted,155
0.9361743352297093,0.764875,0.3426666666666667,0.5642261904761905,0.3431062444583268,0.6911418330773169,0.5569444444444445,0.7842222222222223,0.5981003584229391,0.8011446119486321,0.5981003584229391,0.5569444444444445,0.1880753968253968,0.6705833333333333,lda1,20,9.875137184238417,26.81045092430386,0.15951312600170495,78.66309841368663,0.01965454418511645,9,10,Permuted,156
1.104070268576014,0.7045231481481481,0.31391137566137567,0.5122261904761904,0.26531257684404286,0.6397601794340925,0.5144444444444445,0.7555555555555555,0.5455208333333333,0.7681230158730159,0.5455208333333333,0.5144444444444445,0.17074206349206347,0.635,lda1,20,9.52083875782391,27.73932828187894,0.1550238151948433,83.8891724523603,0.046123187715199195,9,11,Permuted,157
1.0947315819873433,0.7019537037037037,0.3158422619047619,0.49147619047619046,0.22193296098772872,0.6454173067076293,0.4775,0.7410277777777777,0.5021558872305141,0.7600689434022767,0.5021558872305141,0.4775,0.16382539682539682,0.6092638888888888,lda1,20,7.717713258353868,29.244179989952087,0.13911242179616146,86.56009747548043,0.024243917937029045,9,11,Permuted,158
1.114743993095525,0.7334722222222222,0.3335162037037037,0.5596190476190476,0.3370314076604611,0.6917071590540979,0.5625,0.7797222222222222,0.6029887482419127,0.7952936507936508,0.6029887482419128,0.5625,0.18653968253968253,0.6711111111111111,lda1,20,8.862760358800136,25.157618108469208,0.13187713039351828,76.03453639579067,0.09570798781414197,9,12,Permuted,159
1.004521894515445,0.7637407407407407,0.3321626984126984,0.5797142857142857,0.3646882212178331,0.6859370648844333,0.5797222222222222,0.7889444444444444,0.6367924528301887,0.8053441812235782,0.6367924528301887,0.5797222222222222,0.19323809523809524,0.6843333333333333,lda1,20,9.272246842670462,24.268691879067294,0.1409416152842637,72.289696244669,0.05369986156325726,9,12,Permuted,160
0.7144542441950266,0.8652638888888888,0.373041335978836,0.6952261904761905,0.534807705942197,0.7577821869488536,0.6927777777777778,0.8441666666666666,0.7664236111111111,0.8644970886176916,0.7664236111111111,0.6927777777777778,0.23174206349206347,0.7684722222222222,lda1,20,14.644480786170776,34.45916071471258,0.21906994046335362,107.45005606353988,0.04533564318873285,6,8,Permuted,161
0.9962670153220086,0.7952407407407407,0.34519576719576717,0.6365357142857143,0.448617330771403,0.7267447719828672,0.6333333333333333,0.8174166666666667,0.6927083333333333,0.8334722222222223,0.6927083333333334,0.6333333333333333,0.2121785714285714,0.725375,lda1,20,13.148289673632139,33.37812469619942,0.18294000830116203,99.00689938664837,0.022127168045150806,9,11,Permuted,162
0.962897136695828,0.7804768518518519,0.3442443783068783,0.5811309523809524,0.3695362865591219,0.6814351851851852,0.5858333333333333,0.7913055555555556,0.6304539295392954,0.803581399058786,0.6304539295392954,0.5858333333333333,0.19371031746031744,0.6885694444444445,lda1,20,11.387245682403291,27.195039740323445,0.1691196059991401,81.84885672723618,0.011570380265520134,9,13,Permuted,163
1.0369360909930727,0.7310416666666667,0.3253458994708995,0.5105952380952381,0.2614665526137051,0.6622156766486663,0.5127777777777778,0.7539166666666667,0.5554459064327485,0.7655419956927495,0.5554459064327485,0.5127777777777778,0.17019841269841268,0.6333472222222222,lda1,20,10.655339705338578,29.019961014884437,0.1593263369533241,86.71212030019512,0.046951684559293536,9,11,Permuted,164
0.9274306864856205,0.7694907407407408,0.3406226851851852,0.5828333333333333,0.36797717784614803,0.6968527640941434,0.585,0.79,0.640146750524109,0.8026322086623594,0.640146750524109,0.585,0.19427777777777777,0.6875,lda1,20,11.675039762565081,25.857723366434232,0.16112925695711855,78.17879198363515,0.0056518011481952405,9,11,Permuted,165
1.03828801373452,0.7391342592592592,0.33699636243386244,0.5694761904761905,0.34905217701085406,0.6850318943776887,0.5711111111111111,0.7828333333333334,0.622076978939724,0.7981388888888888,0.622076978939724,0.5711111111111111,0.1898253968253968,0.6769722222222222,lda1,20,8.949217853998181,20.630491246940746,0.15512288044943506,69.19225052199282,0.0367805460499846,6,9,Permuted,166
1.1033960418106383,0.756462962962963,0.34174074074074073,0.5899404761904762,0.3704359513307514,0.6984829329962073,0.5772222222222222,0.7901111111111111,0.6643119941133186,0.8067201084789024,0.6643119941133186,0.5772222222222222,0.1966468253968254,0.6836666666666666,lda1,20,11.147602608268201,34.903043240612924,0.17806054363763968,102.82060393509445,0.03738838882769029,9,10,Permuted,167
0.820654802952695,0.835875,0.3600978835978836,0.6472142857142857,0.4627401449804675,0.7195369375820504,0.65,0.8200555555555555,0.7221167369901547,0.8423737007493353,0.7221167369901547,0.65,0.21573809523809523,0.7350277777777777,lda1,20,11.607416810049205,24.785133230981742,0.15944372846334387,74.72461854617096,0.0522337466392916,9,11,Permuted,168
1.1048189201892886,0.7230138888888888,0.3204041005291005,0.5286666666666666,0.2804283109504297,0.6723075610172384,0.5244444444444445,0.7598611111111111,0.5886636636636636,0.7758624878522837,0.5886636636636636,0.5244444444444445,0.17622222222222222,0.6421527777777778,lda1,20,8.814742739224744,24.648986717143945,0.13080457825167827,74.7580490916955,0.017331846771676717,9,11,Permuted,169
1.065591440724779,0.7402175925925926,0.32320734126984124,0.5369761904761905,0.291989952840794,0.6638309256286784,0.5311111111111111,0.7640277777777778,0.5764775413711584,0.7841836734693878,0.5764775413711584,0.5311111111111111,0.17899206349206348,0.6475694444444444,lda1,20,10.635753967130993,29.23178146601827,0.15581244195925123,87.85845298365598,0.03094835192403399,9,11,Permuted,170
0.9849021095236116,0.7782592592592592,0.33921097883597884,0.5497142857142857,0.31954751121091046,0.6669258179462261,0.5383333333333333,0.7766388888888889,0.5881900768693221,0.7887772194304857,0.5881900768693221,0.5383333333333333,0.18323809523809523,0.6574861111111111,lda1,20,11.52048083933897,32.760223659845686,0.1741948328178304,96.02024226165906,0.01965454418511645,9,11,Permuted,171
1.0092932180244367,0.7501203703703704,0.33399371693121693,0.5621309523809523,0.33384714473275706,0.6855387667887668,0.5583333333333333,0.7784722222222222,0.6309145880574452,0.7948492063492063,0.6309145880574452,0.5583333333333333,0.18737698412698411,0.6684027777777778,lda1,20,9.877161776423758,23.466723632699257,0.14224702371462178,70.35013196487955,0.03738838882769029,9,13,Permuted,172
0.9391607209153916,0.823375,0.3662093253968254,0.6392261904761904,0.4539315062052541,0.7350661375661376,0.6419444444444444,0.8181388888888889,0.7128262490678597,0.8404601571268238,0.7128262490678597,0.6419444444444444,0.2130753968253968,0.7300416666666667,lda1,20,11.142627112281726,29.62488247505224,0.17298492313395944,89.36337746911701,0.016159754017432727,9,10,Permuted,173
1.0488466261547766,0.7878379629629629,0.35178571428571426,0.588297619047619,0.37871049405657964,0.677367268746579,0.5952777777777778,0.7926388888888889,0.6563333333333333,0.8107420634920635,0.6563333333333333,0.5952777777777778,0.19609920634920633,0.6939583333333333,lda1,20,9.897661041913235,27.0543154928836,0.14540029233083102,81.62958051274305,0.008597047884167822,9,12,Permuted,174
1.0232735398074075,0.7403888888888889,0.3346997354497354,0.5248690476190476,0.27480890033994404,0.6815500685871057,0.5177777777777778,0.7581666666666667,0.568719806763285,0.7787063492063492,0.568719806763285,0.5177777777777778,0.1749563492063492,0.6379722222222222,lda1,20,7.941835118226991,20.186976013582274,0.12939925777997882,61.67610495526116,0.016159754017432727,7,12,Permuted,175
1.0030866166179164,0.78475,0.353078373015873,0.589297619047619,0.37025779799306086,0.7140376984126984,0.5802777777777778,0.7894444444444444,0.645735524256651,0.8118412698412698,0.645735524256651,0.5802777777777778,0.19643253968253968,0.6848611111111111,lda1,20,9.21646986541813,17.895662999421525,0.13374092625123263,53.2751643421673,0.031970518231682954,9,12,Permuted,176
0.9226361399526979,0.8112361111111112,0.3607691798941799,0.6033452380952381,0.3982269600603427,0.7115678346810422,0.595,0.8015833333333333,0.6460931899641577,0.816047619047619,0.6460931899641577,0.595,0.20111507936507936,0.6982916666666666,lda1,20,10.758585083666091,35.58345409612559,0.16699962872368357,104.89593524023962,0.017331846771676717,9,12,Permuted,177
1.1765089423232102,0.6677916666666667,0.30751686507936504,0.47954761904761906,0.21314965193858648,0.6359477124183006,0.4825,0.7370833333333333,0.5375093214019389,0.7423968253968254,0.5375093214019389,0.4825,0.15984920634920635,0.6097916666666666,lda1,20,9.019737281434624,26.041720499332847,0.1411893170072569,78.73365394745072,0.017638297215197846,9,12,Permuted,178
0.9236938509864154,0.7958935185185185,0.3544943783068783,0.5852738095238095,0.3713065319297139,0.6976361153780508,0.5797222222222222,0.7914444444444444,0.6212222222222222,0.8130551547218214,0.6212222222222222,0.5797222222222222,0.19509126984126984,0.6855833333333333,lda1,20,9.782309984617383,24.95533321026764,0.141216895402836,74.36837879477059,0.05568648344680202,9,13,Permuted,179
1.1621084653065443,0.679037037037037,0.31126157407407407,0.4420119047619048,0.16428125065868343,0.6392390289449112,0.44805555555555554,0.7215833333333334,0.4786353467561521,0.732667949334616,0.4786353467561521,0.44805555555555554,0.14733730158730157,0.5848194444444444,lda1,20,6.908545941291661,22.289369682360338,0.12005454900102965,67.71506915266497,0.04273553180390321,9,11,Permuted,180
1.0184555949435452,0.7505416666666667,0.3348826058201058,0.5857738095238095,0.3631151754598696,0.7210828225679711,0.5813888888888888,0.7854722222222222,0.6579908675799087,0.8057823129251701,0.6579908675799087,0.5813888888888888,0.1952579365079365,0.6834305555555555,lda1,20,10.176702329959621,19.545406510651333,0.14210579076999735,58.703800366402206,0.0707040226269097,9,11,Permuted,181
0.9611015083999079,0.7961944444444444,0.3458875661375661,0.5973095238095238,0.3888757930194627,0.6929438442043484,0.6069444444444444,0.7950833333333334,0.6563642756680731,0.8130852676078807,0.6563642756680731,0.6069444444444444,0.1991031746031746,0.7010138888888889,lda1,20,12.74586153933225,28.08141025847811,0.174444813422891,89.32975548045832,0.017331846771676717,8,11,Permuted,182
1.0015995359805545,0.7841805555555555,0.347792328042328,0.630095238095238,0.4386713276806097,0.7355386416861827,0.6305555555555555,0.8130833333333334,0.6925135501355013,0.8310912698412698,0.6925135501355013,0.6305555555555555,0.21003174603174601,0.7218194444444445,lda1,20,12.542899217759247,44.07927732246231,0.19115361782395676,133.59312120956344,0.02635897817212099,9,11,Permuted,183
1.1882710799566942,0.6489166666666667,0.30286574074074074,0.4706547619047619,0.19022353505071535,0.6655477491543065,0.45805555555555555,0.7313333333333334,0.5172839506172839,0.7433164128595601,0.5172839506172839,0.45805555555555555,0.15688492063492063,0.5946944444444444,lda1,20,7.570162478040212,19.620289367180064,0.1260154754311644,57.96342754676682,0.08173174362569272,9,11,Permuted,184
1.008226471277116,0.7805324074074074,0.33992559523809524,0.5483214285714285,0.31120357428614914,0.6833415153002782,0.5436111111111112,0.7705555555555555,0.6023211567732115,0.7872294372294373,0.6023211567732115,0.5436111111111112,0.1827738095238095,0.6570833333333334,lda1,20,11.49487435055973,31.524011482910684,0.166601770704997,93.65051280206013,0.0056518011481952405,9,10,Permuted,185
1.0196977546720492,0.7608888888888888,0.33610218253968255,0.5645238095238095,0.3408365827846525,0.6846586531052551,0.5569444444444445,0.781,0.6160536398467433,0.8014261542180324,0.6160536398467433,0.5569444444444445,0.18817460317460316,0.6689722222222222,lda1,20,10.381897614060572,27.295300449888973,0.1594919729834978,81.13669850895653,0.039131329108803244,8,12,Permuted,186
1.0597013777173836,0.76325,0.33600264550264547,0.5622619047619047,0.3423314980524297,0.6743316624895572,0.5727777777777777,0.7815277777777778,0.6267708333333333,0.7945277777777778,0.6267708333333333,0.5727777777777777,0.1874206349206349,0.6771527777777777,lda1,20,8.025140401460902,21.307543753773707,0.12281565951838053,63.2275291335036,0.02954053634606289,9,12,Permuted,187
0.8221192393803668,0.8083333333333333,0.35982903439153435,0.5971547619047619,0.3897535043545382,0.6806742640075973,0.5880555555555556,0.7991666666666667,0.6479513888888889,0.8118373015873016,0.6479513888888889,0.5880555555555556,0.19905158730158728,0.6936111111111111,lda1,20,11.768815832819241,19.777178847660334,0.16987433102501634,59.29740302652978,0.01965454418511645,6,9,Permuted,188
0.9925411790568583,0.7654398148148148,0.33529993386243384,0.5663809523809523,0.3394481121059029,0.690302343159486,0.57,0.7788333333333334,0.6368008948545861,0.7932698412698412,0.6368008948545861,0.57,0.1887936507936508,0.6744166666666667,lda1,20,10.578831084259226,34.28374632429982,0.16405171234298824,102.98366615294862,0.04062611829239084,9,11,Permuted,189
1.086162238412295,0.7237268518518518,0.3303878968253968,0.5556547619047619,0.32870852718893445,0.6854899930986887,0.548611111111111,0.77775,0.6163947163947164,0.7933795963946718,0.6163947163947164,0.548611111111111,0.18521825396825395,0.6631805555555556,lda1,20,9.113054115081837,21.370230369260288,0.14094522073493318,64.21371742558055,0.05158311167137902,9,11,Permuted,190
1.1071495173910617,0.738824074074074,0.32576554232804233,0.5861666666666666,0.3755643630349951,0.6887713109935332,0.5877777777777777,0.7929444444444445,0.6239426523297491,0.8087777777777778,0.6239426523297491,0.5877777777777777,0.1953888888888889,0.6903611111111111,lda1,20,8.900733145072445,22.638295096418194,0.15465019316806525,76.10606916593952,0.017153834679702367,8,9,Permuted,191
1.0213033170703814,0.7882453703703703,0.3410271164021164,0.6007261904761905,0.39045868482442386,0.7190854119425548,0.5986111111111111,0.79625,0.6657345264727815,0.8122936507936508,0.6657345264727815,0.5986111111111111,0.20024206349206347,0.6974305555555556,lda1,20,13.695707677376388,29.738601655912355,0.18485796993908574,89.7306021592246,0.059838506132729403,9,10,Permuted,192
1.1325229274620012,0.7250231481481482,0.31819444444444445,0.5311428571428571,0.2858136373159708,0.673882503192848,0.5294444444444445,0.7613333333333333,0.5791174152876281,0.7724495493339715,0.5791174152876281,0.5294444444444445,0.17704761904761904,0.6453888888888889,lda1,20,8.219999292888028,21.561696511405863,0.13454262043025236,64.88536593346547,0.039131329108803244,9,11,Permuted,193
0.8052138606981113,0.8520925925925926,0.373385582010582,0.6397380952380952,0.45441839643765974,0.7218637992831541,0.65,0.8176666666666667,0.7036915204678362,0.8395987875887373,0.7036915204678362,0.65,0.21324603174603174,0.7338333333333333,lda1,20,15.272963676931033,34.70581864825971,0.2066527875055417,112.84377426586053,0.004895721580680802,8,10,Permuted,194
1.1235291067321942,0.7164675925925926,0.3206035052910053,0.5234404761904762,0.2780995899623359,0.6641965400392367,0.5175,0.7611666666666667,0.5588959212376934,0.7735502911382308,0.5588959212376934,0.5175,0.17448015873015874,0.6393333333333333,lda1,20,10.943104693397322,37.533056951385674,0.18620672069396477,109.85346001656933,0.024243917937029045,9,10,Permuted,195
0.8941837909605586,0.7986851851851852,0.3511246693121693,0.6258928571428571,0.4347113098292691,0.7192652329749104,0.6261111111111111,0.8121388888888889,0.7003184713375796,0.8310959559703278,0.7003184713375796,0.6261111111111111,0.20863095238095236,0.719125,lda1,20,10.536741818851633,23.319956255776326,0.18931475491637448,68.04825913267524,0.03866098450389392,5,7,Permuted,196
0.9650613314897137,0.7985833333333333,0.3571901455026455,0.6092261904761904,0.40188958094872157,0.729079981507166,0.5994444444444444,0.8007777777777778,0.6770167427701674,0.8208714125380792,0.6770167427701674,0.5994444444444444,0.20307539682539683,0.7001111111111111,lda1,20,10.231226018593516,23.901958939023523,0.1493276957712894,71.36119679993466,0.008153099267851533,9,12,Permuted,197
0.8439365011462676,0.8274074074074074,0.3710535714285714,0.6697261904761904,0.4982377139345474,0.7257275132275132,0.6683333333333333,0.8339444444444445,0.7417859577368779,0.8518928571428571,0.7417859577368779,0.6683333333333333,0.2232420634920635,0.7511388888888889,lda1,20,13.14956176009714,24.997523521804766,0.18613209943483114,82.13746474509173,0.028211330980650588,6,10,Permuted,198
1.1297308841456821,0.7684907407407408,0.3543859126984127,0.6195119047619048,0.4177322878042607,0.7180938457254247,0.6083333333333333,0.8075,0.6599358974358974,0.825949975949976,0.6599358974358974,0.6083333333333333,0.20650396825396825,0.7079166666666666,lda1,20,11.75547529650919,33.59315628440461,0.17425230113990783,100.77387342395933,0.025336811864472026,9,13,Permuted,199
0.8872104883838282,0.82219444444444445,0.3552070105820106,0.619797619047619,0.42266652505464175,0.7037865018781049,0.6227777777777778,0.8066666666666666,0.6735173824130879,0.8196857302384941,0.6735173824130879,0.6227777777777778,0.20659920634920634,0.7147222222222223,lda1,20,13.189959297513147,37.18920508912558,0.1861233555228332,112.76807629603292,0.05256322461885509,9,12,Permuted,200
